Workbook

Sheet Camera (NINA)
A1: Camera | B1: Id | C1: Year | D1: Processor | F1: Sensor | Q1: CropSubSampling | AQ1: ="{"&_xlfn.TEXTJOIN(", ",TRUE,AQ4:AQ60)&"}" -> #VALUE!
F2: Name | G2: Type | H2: Bayer | I2: BitDepth | J2: ResX | K2: ResY | L2: SizeX | M2: SizeY | N2: PixelSizeX | O2: PixelSizeY | Q2: Id | R2: FX | S2: FX | T2: FX | U2: DX | V2: DX | W2: DX | X2: 1inch | Y2: 1inch | Z2: 1inch | AA2: 1.3x | AB2: 1.3x | AC2: 1.3x | AD2: 5:4 | AE2: 5:4 | AF2: 5:4 | AG2: 1.2x | AH2: 1.2x | AI2: 1.2x | AJ2: 1:1 | AK2: 1:1 | AL2: 1:1 | AM2: 16:9 | AN2: 16:9 | AO2: 16:9
R3: Size L | S3: Size M | T3: Size S | U3: Size L | V3: Size M | W3: Size S | X3: Size L | Y3: Size M | Z3: Size S | AA3: Size L | AB3: Size M | AC3: Size S | AD3: Size L | AE3: Size M | AF3: Size S | AG3: Size L | AH3: Size M | AI3: Size S | AJ3: Size L | AK3: Size M | AL3: Size S | AM3: Size L | AN3: Size M | AO3: Size S
A4: D3 | B4: D3 | C4: 2007 | D4: EXPEED | F4: Nikon NC81338L | G4: CMOS | I4: 14 | J4: 4256 | K4: 2832 | L4: 36 | M4: 23.9 | N4: 8.43 | O4: 8.43 | Q4: FX 0, DX 1, 5:4 2 | R4: 4256x2832 | S4: 3184x2120 | T4: 2128x1416 | U4: 2784x1848 | V4: 2080x1384 | W4: 1392x920 | AD4: 3552x2832 | AE4: 2656x2120 | AF4: 1776x1416 | AQ4: =""""&B4&""": {"&"""Name"": "&""""&A4&""", "&"""Year"": "&C4&", "&"""Processor"": "&""""&D4&""", "&"""Sensor"": {"&"""Name"": "&""""&F4&""", "&"""Type"": "&""""&G4&""", "&"""Bayer"": "&""""&H4&""", "&"""BitDepth"": "&""&I4&", "&"""ResX"": "&""&J4&", "&"""ResY"": "&""&K4&", "&"""SizeX"": "&""&SUBSTITUTE(L4,",",".")&", "&"""SizeY"": "&""&SUBSTITUTE(M4,",",".")&", "&"""PixelSizeX"": "&""&SUBSTITUTE(N4,",",".")&", "&"""PixelSizeY"": "&""&SUBSTITUTE(O4,",",".")&"}, "&AR4&"}" -> "D3": {"Name": "D3", "Year": 2007, "Processor": "EXPEED", "Sensor": {"Name": "Nikon NC81338L", "Type": "CMOS", "Bayer": "", "BitDepth": 14, "ResX": 4256, "ResY": 2832, "SizeX": 36, "SizeY": 23.9, "PixelSizeX": 8.43, "PixelSizeY": 8.43}, "CropSubSampling": [{"Crop": "FX", "Subs": {"Size L": {"ResX": 4256, "ResY": 2832}, "Size M": {"ResX": 3184, "ResY": 2120}, "Size S": {"ResX": 2128, "ResY": 1416}}}, {"Crop": "DX", "Subs": {"Size L": {"ResX": 2784, "ResY": 1848}, "Size M": {"ResX": 2080, "ResY": 1384}, "Size S": {"ResX": 1392, "ResY": 920}}}, {"Crop": "5:4", "Subs": {"Size L": {"ResX": 3552, "ResY": 2832}, "Size M": {"ResX": 2656, "ResY": 2120}, "Size S": {"ResX": 1776, "ResY": 1416}}}]} | AR4: {=_xlfn.LET(_xlpm.crop,$R$2:$AO$2,_xlpm.size,$R$3:$AO$3,_xlpm.value,R4:AO4,_xlpm.vf,_xlfn.MAP(_xlpm.size,_xlpm.value,_xlfn.LAMBDA(_xlpm.s,_xlpm.v,IF(_xlpm.v="","",""""&_xlpm.s&""": {""ResX"": "&_xlfn.TEXTBEFORE(_xlpm.v,"x")&", ""ResY"": "&_xlfn.TEXTAFTER(_xlpm.v,"x")&"}"))),_xlpm.vfc,_xlfn.GROUPBY(TRANSPOSE(_xlpm.crop),TRANSPOSE(_xlpm.vf),_xlfn.LAMBDA(_xlpm.v,_xlfn.TEXTJOIN(", ",TRUE,_xlpm.v)),0,0),_xlpm.vfcc,_xlfn.BYROW(_xlpm.vfc,_xlfn.LAMBDA(_xlpm.r,IF(INDEX(_xlpm.r,1,2)="","","{""Crop"": """&INDEX(_xlpm.r,1,1)&""", ""Subs"": {"&INDEX(_xlpm.r,1,2)&"}}"))),_xlpm.vs,_xlfn.SORTBY(_xlpm.vfcc,MATCH(INDEX(_xlpm.vfc,0,1),_xlpm.crop,0)),"""CropSubSampling"": ["&_xlfn.TEXTJOIN(", ",TRUE,_xlpm.vs)&"]")} -> "CropSubSampling": [{"Crop": "FX", "Subs": {"Size L": {"ResX": 4256, "ResY": 2832}, "Size M": {"ResX": 3184, "ResY": 2120}, "Size S": {"ResX": 2128, "ResY": 1416}}}, {"Crop": "DX", "Subs": {"Size L": {"ResX": 2784, "ResY": 1848}, "Size M": {"ResX": 2080, "ResY": 1384}, "Size S": {"ResX": 1392, "ResY": 920}}}, {"Crop": "5:4", "Subs": {"Size L": {"ResX": 3552, "ResY": 2832}, "Size M": {"ResX": 2656, "ResY": 2120}, "Size S": {"ResX": 1776, "ResY": 1416}}}]
A5: D3X | B5: D3X | C5: 2008 | D5: EXPEED | F5: Sony IMX-028 | G5: CMOS | I5: 14 | J5: 6048 | K5: 4032 | L5: 35.9 | M5: 24 | N5: 5.95 | O5: 5.95 | Q5: FX 0, DX 1, 5:4 2 | R5: 6048x4032 | S5: 4544x3024 | T5: 3024x2016 | U5: 3968x2640 | V5: 2976x1976 | W5: 1984x1320 | AD5: 5056x4032 | AE5: 3792x3024 | AF5: 2528x2016 | AQ5: =""""&B5&""": {"&"""Name"": "&""""&A5&""", "&"""Year"": "&C5&", "&"""Processor"": "&""""&D5&""", "&"""Sensor"": {"&"""Name"": "&""""&F5&""", "&"""Type"": "&""""&G5&""", "&"""Bayer"": "&""""&H5&""", "&"""BitDepth"": "&""&I5&", "&"""ResX"": "&""&J5&", "&"""ResY"": "&""&K5&", "&"""SizeX"": "&""&SUBSTITUTE(L5,",",".")&", "&"""SizeY"": "&""&SUBSTITUTE(M5,",",".")&", "&"""PixelSizeX"": "&""&SUBSTITUTE(N5,",",".")&", "&"""PixelSizeY"": "&""&SUBSTITUTE(O5,",",".")&"}, "&AR5&"}" -> "D3X": {"Name": "D3X", "Year": 2008, "Processor": "EXPEED", "Sensor": {"Name": "Sony IMX-028", "Type": "CMOS", "Bayer": "", "BitDepth": 14, "ResX": 6048, "ResY": 4032, "SizeX": 35.9, "SizeY": 24, "PixelSizeX": 5.95, "PixelSizeY": 5.95}, "CropSubSampling": [{"Crop": "FX", "Subs": {"Size L": {"ResX": 6048, "ResY": 4032}, "Size M": {"ResX": 4544, "ResY": 3024}, "Size S": {"ResX": 3024, "ResY": 2016}}}, {"Crop": "DX", "Subs": {"Size L": {"ResX": 3968, "ResY": 2640}, "Size M": {"ResX": 2976, "ResY": 1976}, "Size S": {"ResX": 1984, "ResY": 1320}}}, {"Crop": "5:4", "Subs": {"Size L": {"ResX": 5056, "ResY": 4032}, "Size M": {"ResX": 3792, "ResY": 3024}, "Size S": {"ResX": 2528, "ResY": 2016}}}]} | AR5: {=_xlfn.LET(_xlpm.crop,$R$2:$AO$2,_xlpm.size,$R$3:$AO$3,_xlpm.value,R5:AO5,_xlpm.vf,_xlfn.MAP(_xlpm.size,_xlpm.value,_xlfn.LAMBDA(_xlpm.s,_xlpm.v,IF(_xlpm.v="","",""""&_xlpm.s&""": {""ResX"": "&_xlfn.TEXTBEFORE(_xlpm.v,"x")&", ""ResY"": "&_xlfn.TEXTAFTER(_xlpm.v,"x")&"}"))),_xlpm.vfc,_xlfn.GROUPBY(TRANSPOSE(_xlpm.crop),TRANSPOSE(_xlpm.vf),_xlfn.LAMBDA(_xlpm.v,_xlfn.TEXTJOIN(", ",TRUE,_xlpm.v)),0,0),_xlpm.vfcc,_xlfn.BYROW(_xlpm.vfc,_xlfn.LAMBDA(_xlpm.r,IF(INDEX(_xlpm.r,1,2)="","","{""Crop"": """&INDEX(_xlpm.r,1,1)&""", ""Subs"": {"&INDEX(_xlpm.r,1,2)&"}}"))),_xlpm.vs,_xlfn.SORTBY(_xlpm.vfcc,MATCH(INDEX(_xlpm.vfc,0,1),_xlpm.crop,0)),"""CropSubSampling"": ["&_xlfn.TEXTJOIN(", ",TRUE,_xlpm.vs)&"]")} -> "CropSubSampling": [{"Crop": "FX", "Subs": {"Size L": {"ResX": 6048, "ResY": 4032}, "Size M": {"ResX": 4544, "ResY": 3024}, "Size S": {"ResX": 3024, "ResY": 2016}}}, {"Crop": "DX", "Subs": {"Size L": {"ResX": 3968, "ResY": 2640}, "Size M": {"ResX": 2976, "ResY": 1976}, "Size S": {"ResX": 1984, "ResY": 1320}}}, {"Crop": "5:4", "Subs": {"Size L": {"ResX": 5056, "ResY": 4032}, "Size M": {"ResX": 3792, "ResY": 3024}, "Size S": {"ResX": 2528, "ResY": 2016}}}]
A6: D3S | B6: D3S | C6: 2009 | D6: EXPEED | F6: Nikon NC81361A | G6: CMOS | I6: 14 | J6: 4256 | K6: 2832 | L6: 36 | M6: 23.9 | N6: 8.43 | O6: 8.43 | Q6: FX 0, DX 1, 5:4 2 | R6: 4256x2832 | S6: 3184x2120 | T6: 2128x1416 | U6: 2784x1848 | V6: 2080x1384 | W6: 1392x920 | AD6: 3552x2832 | AE6: 2656x2120 | AF6: 1776x1416 | AQ6: =""""&B6&""": {"&"""Name"": "&""""&A6&""", "&"""Year"": "&C6&", "&"""Processor"": "&""""&D6&""", "&"""Sensor"": {"&"""Name"": "&""""&F6&""", "&"""Type"": "&""""&G6&""", "&"""Bayer"": "&""""&H6&""", "&"""BitDepth"": "&""&I6&", "&"""ResX"": "&""&J6&", "&"""ResY"": "&""&K6&", "&"""SizeX"": "&""&SUBSTITUTE(L6,",",".")&", "&"""SizeY"": "&""&SUBSTITUTE(M6,",",".")&", "&"""PixelSizeX"": "&""&SUBSTITUTE(N6,",",".")&", "&"""PixelSizeY"": "&""&SUBSTITUTE(O6,",",".")&"}, "&AR6&"}" -> "D3S": {"Name": "D3S", "Year": 2009, "Processor": "EXPEED", "Sensor": {"Name": "Nikon NC81361A", "Type": "CMOS", "Bayer": "", "BitDepth": 14, "ResX": 4256, "ResY": 2832, "SizeX": 36, "SizeY": 23.9, "PixelSizeX": 8.43, "PixelSizeY": 8.43}, "CropSubSampling": [{"Crop": "FX", "Subs": {"Size L": {"ResX": 4256, "ResY": 2832}, "Size M": {"ResX": 3184, "ResY": 2120}, "Size S": {"ResX": 2128, "ResY": 1416}}}, {"Crop": "DX", "Subs": {"Size L": {"ResX": 2784, "ResY": 1848}, "Size M": {"ResX": 2080, "ResY": 1384}, "Size S": {"ResX": 1392, "ResY": 920}}}, {"Crop": "5:4", "Subs": {"Size L": {"ResX": 3552, "ResY": 2832}, "Size M": {"ResX": 2656, "ResY": 2120}, "Size S": {"ResX": 1776, "ResY": 1416}}}]} | AR6: {=_xlfn.LET(_xlpm.crop,$R$2:$AO$2,_xlpm.size,$R$3:$AO$3,_xlpm.value,R6:AO6,_xlpm.vf,_xlfn.MAP(_xlpm.size,_xlpm.value,_xlfn.LAMBDA(_xlpm.s,_xlpm.v,IF(_xlpm.v="","",""""&_xlpm.s&""": {""ResX"": "&_xlfn.TEXTBEFORE(_xlpm.v,"x")&", ""ResY"": "&_xlfn.TEXTAFTER(_xlpm.v,"x")&"}"))),_xlpm.vfc,_xlfn.GROUPBY(TRANSPOSE(_xlpm.crop),TRANSPOSE(_xlpm.vf),_xlfn.LAMBDA(_xlpm.v,_xlfn.TEXTJOIN(", ",TRUE,_xlpm.v)),0,0),_xlpm.vfcc,_xlfn.BYROW(_xlpm.vfc,_xlfn.LAMBDA(_xlpm.r,IF(INDEX(_xlpm.r,1,2)="","","{""Crop"": """&INDEX(_xlpm.r,1,1)&""", ""Subs"": {"&INDEX(_xlpm.r,1,2)&"}}"))),_xlpm.vs,_xlfn.SORTBY(_xlpm.vfcc,MATCH(INDEX(_xlpm.vfc,0,1),_xlpm.crop,0)),"""CropSubSampling"": ["&_xlfn.TEXTJOIN(", ",TRUE,_xlpm.vs)&"]")} -> "CropSubSampling": [{"Crop": "FX", "Subs": {"Size L": {"ResX": 4256, "ResY": 2832}, "Size M": {"ResX": 3184, "ResY": 2120}, "Size S": {"ResX": 2128, "ResY": 1416}}}, {"Crop": "DX", "Subs": {"Size L": {"ResX": 2784, "ResY": 1848}, "Size M": {"ResX": 2080, "ResY": 1384}, "Size S": {"ResX": 1392, "ResY": 920}}}, {"Crop": "5:4", "Subs": {"Size L": {"ResX": 3552, "ResY": 2832}, "Size M": {"ResX": 2656, "ResY": 2120}, "Size S": {"ResX": 1776, "ResY": 1416}}}]
A7: D4 | B7: D4 | C7: 2012 | D7: EXPEED 3 | F7: Nikon NC81366W | G7: CMOS | I7: 14 | J7: 4928 | K7: 3280 | L7: 36 | M7: 23.9 | N7: 7.29 | O7: 7.29 | Q7: FX 0, DX 1, 5:4 2, 1.2x 3 | R7: 4928x3280 | S7: 3696x2456 | T7: 2464x1640 | U7: 3200x2128 | V7: 2400x1592 | W7: 1600x1064 | AD7: 4096x3280 | AE7: 3072x2456 | AF7: 2048x1640 | AG7: 4096x2720 | AH7: 3072x2040 | AI7: 2048x1360 | AQ7: =""""&B7&""": {"&"""Name"": "&""""&A7&""", "&"""Year"": "&C7&", "&"""Processor"": "&""""&D7&""", "&"""Sensor"": {"&"""Name"": "&""""&F7&""", "&"""Type"": "&""""&G7&""", "&"""Bayer"": "&""""&H7&""", "&"""BitDepth"": "&""&I7&", "&"""ResX"": "&""&J7&", "&"""ResY"": "&""&K7&", "&"""SizeX"": "&""&SUBSTITUTE(L7,",",".")&", "&"""SizeY"": "&""&SUBSTITUTE(M7,",",".")&", "&"""PixelSizeX"": "&""&SUBSTITUTE(N7,",",".")&", "&"""PixelSizeY"": "&""&SUBSTITUTE(O7,",",".")&"}, "&AR7&"}" -> "D4": {"Name": "D4", "Year": 2012, "Processor": "EXPEED 3", "Sensor": {"Name": "Nikon NC81366W", "Type": "CMOS", "Bayer": "", "BitDepth": 14, "ResX": 4928, "ResY": 3280, "SizeX": 36, "SizeY": 23.9, "PixelSizeX": 7.29, "PixelSizeY": 7.29}, "CropSubSampling": [{"Crop": "FX", "Subs": {"Size L": {"ResX": 4928, "ResY": 3280}, "Size M": {"ResX": 3696, "ResY": 2456}, "Size S": {"ResX": 2464, "ResY": 1640}}}, {"Crop": "DX", "Subs": {"Size L": {"ResX": 3200, "ResY": 2128}, "Size M": {"ResX": 2400, "ResY": 1592}, "Size S": {"ResX": 1600, "ResY": 1064}}}, {"Crop": "5:4", "Subs": {"Size L": {"ResX": 4096, "ResY": 3280}, "Size M": {"ResX": 3072, "ResY": 2456}, "Size S": {"ResX": 2048, "ResY": 1640}}}, {"Crop": "1.2x", "Subs": {"Size L": {"ResX": 4096, "ResY": 2720}, "Size M": {"ResX": 3072, "ResY": 2040}, "Size S": {"ResX": 2048, "ResY": 1360}}}]} | AR7: {=_xlfn.LET(_xlpm.crop,$R$2:$AO$2,_xlpm.size,$R$3:$AO$3,_xlpm.value,R7:AO7,_xlpm.vf,_xlfn.MAP(_xlpm.size,_xlpm.value,_xlfn.LAMBDA(_xlpm.s,_xlpm.v,IF(_xlpm.v="","",""""&_xlpm.s&""": {""ResX"": "&_xlfn.TEXTBEFORE(_xlpm.v,"x")&", ""ResY"": "&_xlfn.TEXTAFTER(_xlpm.v,"x")&"}"))),_xlpm.vfc,_xlfn.GROUPBY(TRANSPOSE(_xlpm.crop),TRANSPOSE(_xlpm.vf),_xlfn.LAMBDA(_xlpm.v,_xlfn.TEXTJOIN(", ",TRUE,_xlpm.v)),0,0),_xlpm.vfcc,_xlfn.BYROW(_xlpm.vfc,_xlfn.LAMBDA(_xlpm.r,IF(INDEX(_xlpm.r,1,2)="","","{""Crop"": """&INDEX(_xlpm.r,1,1)&""", ""Subs"": {"&INDEX(_xlpm.r,1,2)&"}}"))),_xlpm.vs,_xlfn.SORTBY(_xlpm.vfcc,MATCH(INDEX(_xlpm.vfc,0,1),_xlpm.crop,0)),"""CropSubSampling"": ["&_xlfn.TEXTJOIN(", ",TRUE,_xlpm.vs)&"]")} -> "CropSubSampling": [{"Crop": "FX", "Subs": {"Size L": {"ResX": 4928, "ResY": 3280}, "Size M": {"ResX": 3696, "ResY": 2456}, "Size S": {"ResX": 2464, "ResY": 1640}}}, {"Crop": "DX", "Subs": {"Size L": {"ResX": 3200, "ResY": 2128}, "Size M": {"ResX": 2400, "ResY": 1592}, "Size S": {"ResX": 1600, "ResY": 1064}}}, {"Crop": "5:4", "Subs": {"Size L": {"ResX": 4096, "ResY": 3280}, "Size M": {"ResX": 3072, "ResY": 2456}, "Size S": {"ResX": 2048, "ResY": 1640}}}, {"Crop": "1.2x", "Subs": {"Size L": {"ResX": 4096, "ResY": 2720}, "Size M": {"ResX": 3072, "ResY": 2040}, "Size S": {"ResX": 2048, "ResY": 1360}}}]
A8: D4S | B8: D4S | C8: 2014 | D8: EXPEED 4 | F8: Nikon NC81366W | G8: CMOS | I8: 14 | J8: 4928 | K8: 3280 | L8: 36 | M8: 23.9 | N8: 7.29 | O8: 7.29 | Q8: FX 0, DX 1, 5:4 2, 1.2x 3 | R8: 4928x3280 | S8: 3696x2456 | T8: 2464x1640 | U8: 3200x2128 | V8: 2400x1592 | W8: 1600x1064 | AD8: 4096x3280 | AE8: 3072x2456 | AF8: 2048x1640 | AG8: 4096x2720 | AH8: 3072x2040 | AI8: 2048x1360 | AQ8: =""""&B8&""": {"&"""Name"": "&""""&A8&""", "&"""Year"": "&C8&", "&"""Processor"": "&""""&D8&""", "&"""Sensor"": {"&"""Name"": "&""""&F8&""", "&"""Type"": "&""""&G8&""", "&"""Bayer"": "&""""&H8&""", "&"""BitDepth"": "&""&I8&", "&"""ResX"": "&""&J8&", "&"""ResY"": "&""&K8&", "&"""SizeX"": "&""&SUBSTITUTE(L8,",",".")&", "&"""SizeY"": "&""&SUBSTITUTE(M8,",",".")&", "&"""PixelSizeX"": "&""&SUBSTITUTE(N8,",",".")&", "&"""PixelSizeY"": "&""&SUBSTITUTE(O8,",",".")&"}, "&AR8&"}" -> "D4S": {"Name": "D4S", "Year": 2014, "Processor": "EXPEED 4", "Sensor": {"Name": "Nikon NC81366W", "Type": "CMOS", "Bayer": "", "BitDepth": 14, "ResX": 4928, "ResY": 3280, "SizeX": 36, "SizeY": 23.9, "PixelSizeX": 7.29, "PixelSizeY": 7.29}, "CropSubSampling": [{"Crop": "FX", "Subs": {"Size L": {"ResX": 4928, "ResY": 3280}, "Size M": {"ResX": 3696, "ResY": 2456}, "Size S": {"ResX": 2464, "ResY": 1640}}}, {"Crop": "DX", "Subs": {"Size L": {"ResX": 3200, "ResY": 2128}, "Size M": {"ResX": 2400, "ResY": 1592}, "Size S": {"ResX": 1600, "ResY": 1064}}}, {"Crop": "5:4", "Subs": {"Size L": {"ResX": 4096, "ResY": 3280}, "Size M": {"ResX": 3072, "ResY": 2456}, "Size S": {"ResX": 2048, "ResY": 1640}}}, {"Crop": "1.2x", "Subs": {"Size L": {"ResX": 4096, "ResY": 2720}, "Size M": {"ResX": 3072, "ResY": 2040}, "Size S": {"ResX": 2048, "ResY": 1360}}}]} | AR8: {=_xlfn.LET(_xlpm.crop,$R$2:$AO$2,_xlpm.size,$R$3:$AO$3,_xlpm.value,R8:AO8,_xlpm.vf,_xlfn.MAP(_xlpm.size,_xlpm.value,_xlfn.LAMBDA(_xlpm.s,_xlpm.v,IF(_xlpm.v="","",""""&_xlpm.s&""": {""ResX"": "&_xlfn.TEXTBEFORE(_xlpm.v,"x")&", ""ResY"": "&_xlfn.TEXTAFTER(_xlpm.v,"x")&"}"))),_xlpm.vfc,_xlfn.GROUPBY(TRANSPOSE(_xlpm.crop),TRANSPOSE(_xlpm.vf),_xlfn.LAMBDA(_xlpm.v,_xlfn.TEXTJOIN(", ",TRUE,_xlpm.v)),0,0),_xlpm.vfcc,_xlfn.BYROW(_xlpm.vfc,_xlfn.LAMBDA(_xlpm.r,IF(INDEX(_xlpm.r,1,2)="","","{""Crop"": """&INDEX(_xlpm.r,1,1)&""", ""Subs"": {"&INDEX(_xlpm.r,1,2)&"}}"))),_xlpm.vs,_xlfn.SORTBY(_xlpm.vfcc,MATCH(INDEX(_xlpm.vfc,0,1),_xlpm.crop,0)),"""CropSubSampling"": ["&_xlfn.TEXTJOIN(", ",TRUE,_xlpm.vs)&"]")} -> "CropSubSampling": [{"Crop": "FX", "Subs": {"Size L": {"ResX": 4928, "ResY": 3280}, "Size M": {"ResX": 3696, "ResY": 2456}, "Size S": {"ResX": 2464, "ResY": 1640}}}, {"Crop": "DX", "Subs": {"Size L": {"ResX": 3200, "ResY": 2128}, "Size M": {"ResX": 2400, "ResY": 1592}, "Size S": {"ResX": 1600, "ResY": 1064}}}, {"Crop": "5:4", "Subs": {"Size L": {"ResX": 4096, "ResY": 3280}, "Size M": {"ResX": 3072, "ResY": 2456}, "Size S": {"ResX": 2048, "ResY": 1640}}}, {"Crop": "1.2x", "Subs": {"Size L": {"ResX": 4096, "ResY": 2720}, "Size M": {"ResX": 3072, "ResY": 2040}, "Size S": {"ResX": 2048, "ResY": 1360}}}]
A9: D5 | B9: D5 | C9: 2016 | D9: EXPEED 5 | F9: Toshiba (Sony) T4K54 | G9: CMOS | I9: 14 | J9: 5568 | K9: 3712 | L9: 36 | M9: 23.9 | N9: 6.44 | O9: 6.44 | Q9: FX 0, DX 1, 5:4 2, 1.2x 3 | R9: 5568x3712 | S9: 4176x2784 | T9: 2784x1856 | U9: 3648x2432 | V9: 2736x1824 | W9: 1824x1216 | AD9: 4640x3712 | AE9: 3472x2784 | AF9: 2320x1856 | AG9: 4640x3088 | AH9: 3472x2312 | AI9: 2320x1544 | AQ9: =""""&B9&""": {"&"""Name"": "&""""&A9&""", "&"""Year"": "&C9&", "&"""Processor"": "&""""&D9&""", "&"""Sensor"": {"&"""Name"": "&""""&F9&""", "&"""Type"": "&""""&G9&""", "&"""Bayer"": "&""""&H9&""", "&"""BitDepth"": "&""&I9&", "&"""ResX"": "&""&J9&", "&"""ResY"": "&""&K9&", "&"""SizeX"": "&""&SUBSTITUTE(L9,",",".")&", "&"""SizeY"": "&""&SUBSTITUTE(M9,",",".")&", "&"""PixelSizeX"": "&""&SUBSTITUTE(N9,",",".")&", "&"""PixelSizeY"": "&""&SUBSTITUTE(O9,",",".")&"}, "&AR9&"}" -> "D5": {"Name": "D5", "Year": 2016, "Processor": "EXPEED 5", "Sensor": {"Name": "Toshiba (Sony) T4K54", "Type": "CMOS", "Bayer": "", "BitDepth": 14, "ResX": 5568, "ResY": 3712, "SizeX": 36, "SizeY": 23.9, "PixelSizeX": 6.44, "PixelSizeY": 6.44}, "CropSubSampling": [{"Crop": "FX", "Subs": {"Size L": {"ResX": 5568, "ResY": 3712}, "Size M": {"ResX": 4176, "ResY": 2784}, "Size S": {"ResX": 2784, "ResY": 1856}}}, {"Crop": "DX", "Subs": {"Size L": {"ResX": 3648, "ResY": 2432}, "Size M": {"ResX": 2736, "ResY": 1824}, "Size S": {"ResX": 1824, "ResY": 1216}}}, {"Crop": "5:4", "Subs": {"Size L": {"ResX": 4640, "ResY": 3712}, "Size M": {"ResX": 3472, "ResY": 2784}, "Size S": {"ResX": 2320, "ResY": 1856}}}, {"Crop": "1.2x", "Subs": {"Size L": {"ResX": 4640, "ResY": 3088}, "Size M": {"ResX": 3472, "ResY": 2312}, "Size S": {"ResX": 2320, "ResY": 1544}}}]} | AR9: {=_xlfn.LET(_xlpm.crop,$R$2:$AO$2,_xlpm.size,$R$3:$AO$3,_xlpm.value,R9:AO9,_xlpm.vf,_xlfn.MAP(_xlpm.size,_xlpm.value,_xlfn.LAMBDA(_xlpm.s,_xlpm.v,IF(_xlpm.v="","",""""&_xlpm.s&""": {""ResX"": "&_xlfn.TEXTBEFORE(_xlpm.v,"x")&", ""ResY"": "&_xlfn.TEXTAFTER(_xlpm.v,"x")&"}"))),_xlpm.vfc,_xlfn.GROUPBY(TRANSPOSE(_xlpm.crop),TRANSPOSE(_xlpm.vf),_xlfn.LAMBDA(_xlpm.v,_xlfn.TEXTJOIN(", ",TRUE,_xlpm.v)),0,0),_xlpm.vfcc,_xlfn.BYROW(_xlpm.vfc,_xlfn.LAMBDA(_xlpm.r,IF(INDEX(_xlpm.r,1,2)="","","{""Crop"": """&INDEX(_xlpm.r,1,1)&""", ""Subs"": {"&INDEX(_xlpm.r,1,2)&"}}"))),_xlpm.vs,_xlfn.SORTBY(_xlpm.vfcc,MATCH(INDEX(_xlpm.vfc,0,1),_xlpm.crop,0)),"""CropSubSampling"": ["&_xlfn.TEXTJOIN(", ",TRUE,_xlpm.vs)&"]")} -> "CropSubSampling": [{"Crop": "FX", "Subs": {"Size L": {"ResX": 5568, "ResY": 3712}, "Size M": {"ResX": 4176, "ResY": 2784}, "Size S": {"ResX": 2784, "ResY": 1856}}}, {"Crop": "DX", "Subs": {"Size L": {"ResX": 3648, "ResY": 2432}, "Size M": {"ResX": 2736, "ResY": 1824}, "Size S": {"ResX": 1824, "ResY": 1216}}}, {"Crop": "5:4", "Subs": {"Size L": {"ResX": 4640, "ResY": 3712}, "Size M": {"ResX": 3472, "ResY": 2784}, "Size S": {"ResX": 2320, "ResY": 1856}}}, {"Crop": "1.2x", "Subs": {"Size L": {"ResX": 4640, "ResY": 3088}, "Size M": {"ResX": 3472, "ResY": 2312}, "Size S": {"ResX": 2320, "ResY": 1544}}}]
A10: D6 | B10: D6 | C10: 2020 | D10: EXPEED 6 | F10: Toshiba (Sony) T4K54 | G10: CMOS | I10: 14 | J10: 5568 | K10: 3712 | L10: 36 | M10: 23.9 | N10: 6.44 | O10: 6.44 | Q10: FX 0, 1.2x 1, DX 2, 5:4 3, 1:1 4, 16:9 5 | R10: 5568x3712 | S10: 4176x2784 | T10: 2784x1856 | U10: 3648x2432 | V10: 2736x1824 | W10: 1824x1216 | AD10: 4640x3712 | AE10: 3472x2784 | AF10: 2320x1856 | AG10: 4640x3088 | AH10: 3472x2312 | AI10: 2320x1544 | AJ10: 3712x3712 | AK10: 2784x2784 | AL10: 1856x1856 | AM10: 5568x3128 | AN10: 4176x2344 | AO10: 2784x1560 | AQ10: =""""&B10&""": {"&"""Name"": "&""""&A10&""", "&"""Year"": "&C10&", "&"""Processor"": "&""""&D10&""", "&"""Sensor"": {"&"""Name"": "&""""&F10&""", "&"""Type"": "&""""&G10&""", "&"""Bayer"": "&""""&H10&""", "&"""BitDepth"": "&""&I10&", "&"""ResX"": "&""&J10&", "&"""ResY"": "&""&K10&", "&"""SizeX"": "&""&SUBSTITUTE(L10,",",".")&", "&"""SizeY"": "&""&SUBSTITUTE(M10,",",".")&", "&"""PixelSizeX"": "&""&SUBSTITUTE(N10,",",".")&", "&"""PixelSizeY"": "&""&SUBSTITUTE(O10,",",".")&"}, "&AR10&"}" -> "D6": {"Name": "D6", "Year": 2020, "Processor": "EXPEED 6", "Sensor": {"Name": "Toshiba (Sony) T4K54", "Type": "CMOS", "Bayer": "", "BitDepth": 14, "ResX": 5568, "ResY": 3712, "SizeX": 36, "SizeY": 23.9, "PixelSizeX": 6.44, "PixelSizeY": 6.44}, "CropSubSampling": [{"Crop": "FX", "Subs": {"Size L": {"ResX": 5568, "ResY": 3712}, "Size M": {"ResX": 4176, "ResY": 2784}, "Size S": {"ResX": 2784, "ResY": 1856}}}, {"Crop": "DX", "Subs": {"Size L": {"ResX": 3648, "ResY": 2432}, "Size M": {"ResX": 2736, "ResY": 1824}, "Size S": {"ResX": 1824, "ResY": 1216}}}, {"Crop": "5:4", "Subs": {"Size L": {"ResX": 4640, "ResY": 3712}, "Size M": {"ResX": 3472, "ResY": 2784}, "Size S": {"ResX": 2320, "ResY": 1856}}}, {"Crop": "1.2x", "Subs": {"Size L": {"ResX": 4640, "ResY": 3088}, "Size M": {"ResX": 3472, "ResY": 2312}, "Size S": {"ResX": 2320, "ResY": 1544}}}, {"Crop": "1:1", "Subs": {"Size L": {"ResX": 3712, "ResY": 3712}, "Size M": {"ResX": 2784, "ResY": 2784}, "Size S": {"ResX": 1856, "ResY": 1856}}}, {"Crop": "16:9", "Subs": {"Size L": {"ResX": 5568, "ResY": 3128}, "Size M": {"ResX": 4176, "ResY": 2344}, "Size S": {"ResX": 2784, "ResY": 1560}}}]} | AR10: {=_xlfn.LET(_xlpm.crop,$R$2:$AO$2,_xlpm.size,$R$3:$AO$3,_xlpm.value,R10:AO10,_xlpm.vf,_xlfn.MAP(_xlpm.size,_xlpm.value,_xlfn.LAMBDA(_xlpm.s,_xlpm.v,IF(_xlpm.v="","",""""&_xlpm.s&""": {""ResX"": "&_xlfn.TEXTBEFORE(_xlpm.v,"x")&", ""ResY"": "&_xlfn.TEXTAFTER(_xlpm.v,"x")&"}"))),_xlpm.vfc,_xlfn.GROUPBY(TRANSPOSE(_xlpm.crop),TRANSPOSE(_xlpm.vf),_xlfn.LAMBDA(_xlpm.v,_xlfn.TEXTJOIN(", ",TRUE,_xlpm.v)),0,0),_xlpm.vfcc,_xlfn.BYROW(_xlpm.vfc,_xlfn.LAMBDA(_xlpm.r,IF(INDEX(_xlpm.r,1,2)="","","{""Crop"": """&INDEX(_xlpm.r,1,1)&""", ""Subs"": {"&INDEX(_xlpm.r,1,2)&"}}"))),_xlpm.vs,_xlfn.SORTBY(_xlpm.vfcc,MATCH(INDEX(_xlpm.vfc,0,1),_xlpm.crop,0)),"""CropSubSampling"": ["&_xlfn.TEXTJOIN(", ",TRUE,_xlpm.vs)&"]")} -> "CropSubSampling": [{"Crop": "FX", "Subs": {"Size L": {"ResX": 5568, "ResY": 3712}, "Size M": {"ResX": 4176, "ResY": 2784}, "Size S": {"ResX": 2784, "ResY": 1856}}}, {"Crop": "DX", "Subs": {"Size L": {"ResX": 3648, "ResY": 2432}, "Size M": {"ResX": 2736, "ResY": 1824}, "Size S": {"ResX": 1824, "ResY": 1216}}}, {"Crop": "5:4", "Subs": {"Size L": {"ResX": 4640, "ResY": 3712}, "Size M": {"ResX": 3472, "ResY": 2784}, "Size S": {"ResX": 2320, "ResY": 1856}}}, {"Crop": "1.2x", "Subs": {"Size L": {"ResX": 4640, "ResY": 3088}, "Size M": {"ResX": 3472, "ResY": 2312}, "Size S": {"ResX": 2320, "ResY": 1544}}}, {"Crop": "1:1", "Subs": {"Size L": {"ResX": 3712, "ResY": 3712}, "Size M": {"ResX": 2784, "ResY": 2784}, "Size S": {"ResX": 1856, "ResY": 1856}}}, {"Crop": "16:9", "Subs": {"Size L": {"ResX": 5568, "ResY": 3128}, "Size M": {"ResX": 4176, "ResY": 2344}, "Size S": {"ResX": 2784, "ResY": 1560}}}]
A11: D40 | B11: D40 | C11: 2006 | F11: Sony ICX-453-AQ | G11: CCD | I11: 12 | J11: 3008 | K11: 2000 | L11: 23.7 | M11: 15.6 | N11: 7.85 | O11: 7.85 | U11: 3008x2000 | V11: 2256x1496 | W11: 1504x1000 | AQ11: =""""&B11&""": {"&"""Name"": "&""""&A11&""", "&"""Year"": "&C11&", "&"""Processor"": "&""""&D11&""", "&"""Sensor"": {"&"""Name"": "&""""&F11&""", "&"""Type"": "&""""&G11&""", "&"""Bayer"": "&""""&H11&""", "&"""BitDepth"": "&""&I11&", "&"""ResX"": "&""&J11&", "&"""ResY"": "&""&K11&", "&"""SizeX"": "&""&SUBSTITUTE(L11,",",".")&", "&"""SizeY"": "&""&SUBSTITUTE(M11,",",".")&", "&"""PixelSizeX"": "&""&SUBSTITUTE(N11,",",".")&", "&"""PixelSizeY"": "&""&SUBSTITUTE(O11,",",".")&"}, "&AR11&"}" -> "D40": {"Name": "D40", "Year": 2006, "Processor": "", "Sensor": {"Name": "Sony ICX-453-AQ", "Type": "CCD", "Bayer": "", "BitDepth": 12, "ResX": 3008, "ResY": 2000, "SizeX": 23.7, "SizeY": 15.6, "PixelSizeX": 7.85, "PixelSizeY": 7.85}, "CropSubSampling": [{"Crop": "DX", "Subs": {"Size L": {"ResX": 3008, "ResY": 2000}, "Size M": {"ResX": 2256, "ResY": 1496}, "Size S": {"ResX": 1504, "ResY": 1000}}}]} | AR11: {=_xlfn.LET(_xlpm.crop,$R$2:$AO$2,_xlpm.size,$R$3:$AO$3,_xlpm.value,R11:AO11,_xlpm.vf,_xlfn.MAP(_xlpm.size,_xlpm.value,_xlfn.LAMBDA(_xlpm.s,_xlpm.v,IF(_xlpm.v="","",""""&_xlpm.s&""": {""ResX"": "&_xlfn.TEXTBEFORE(_xlpm.v,"x")&", ""ResY"": "&_xlfn.TEXTAFTER(_xlpm.v,"x")&"}"))),_xlpm.vfc,_xlfn.GROUPBY(TRANSPOSE(_xlpm.crop),TRANSPOSE(_xlpm.vf),_xlfn.LAMBDA(_xlpm.v,_xlfn.TEXTJOIN(", ",TRUE,_xlpm.v)),0,0),_xlpm.vfcc,_xlfn.BYROW(_xlpm.vfc,_xlfn.LAMBDA(_xlpm.r,IF(INDEX(_xlpm.r,1,2)="","","{""Crop"": """&INDEX(_xlpm.r,1,1)&""", ""Subs"": {"&INDEX(_xlpm.r,1,2)&"}}"))),_xlpm.vs,_xlfn.SORTBY(_xlpm.vfcc,MATCH(INDEX(_xlpm.vfc,0,1),_xlpm.crop,0)),"""CropSubSampling"": ["&_xlfn.TEXTJOIN(", ",TRUE,_xlpm.vs)&"]")} -> "CropSubSampling": [{"Crop": "DX", "Subs": {"Size L": {"ResX": 3008, "ResY": 2000}, "Size M": {"ResX": 2256, "ResY": 1496}, "Size S": {"ResX": 1504, "ResY": 1000}}}]
A12: D40X | B12: D40X | C12: 2007 | F12: Sony ICX-493-AQA | G12: CCD | I12: 12 | J12: 3872 | K12: 2592 | L12: 23.6 | M12: 15.8 | N12: 6.11 | O12: 6.11 | U12: 3872x2592 | V12: 2896x1944 | W12: 1936x1296 | AQ12: =""""&B12&""": {"&"""Name"": "&""""&A12&""", "&"""Year"": "&C12&", "&"""Processor"": "&""""&D12&""", "&"""Sensor"": {"&"""Name"": "&""""&F12&""", "&"""Type"": "&""""&G12&""", "&"""Bayer"": "&""""&H12&""", "&"""BitDepth"": "&""&I12&", "&"""ResX"": "&""&J12&", "&"""ResY"": "&""&K12&", "&"""SizeX"": "&""&SUBSTITUTE(L12,",",".")&", "&"""SizeY"": "&""&SUBSTITUTE(M12,",",".")&", "&"""PixelSizeX"": "&""&SUBSTITUTE(N12,",",".")&", "&"""PixelSizeY"": "&""&SUBSTITUTE(O12,",",".")&"}, "&AR12&"}" -> "D40X": {"Name": "D40X", "Year": 2007, "Processor": "", "Sensor": {"Name": "Sony ICX-493-AQA", "Type": "CCD", "Bayer": "", "BitDepth": 12, "ResX": 3872, "ResY": 2592, "SizeX": 23.6, "SizeY": 15.8, "PixelSizeX": 6.11, "PixelSizeY": 6.11}, "CropSubSampling": [{"Crop": "DX", "Subs": {"Size L": {"ResX": 3872, "ResY": 2592}, "Size M": {"ResX": 2896, "ResY": 1944}, "Size S": {"ResX": 1936, "ResY": 1296}}}]} | AR12: {=_xlfn.LET(_xlpm.crop,$R$2:$AO$2,_xlpm.size,$R$3:$AO$3,_xlpm.value,R12:AO12,_xlpm.vf,_xlfn.MAP(_xlpm.size,_xlpm.value,_xlfn.LAMBDA(_xlpm.s,_xlpm.v,IF(_xlpm.v="","",""""&_xlpm.s&""": {""ResX"": "&_xlfn.TEXTBEFORE(_xlpm.v,"x")&", ""ResY"": "&_xlfn.TEXTAFTER(_xlpm.v,"x")&"}"))),_xlpm.vfc,_xlfn.GROUPBY(TRANSPOSE(_xlpm.crop),TRANSPOSE(_xlpm.vf),_xlfn.LAMBDA(_xlpm.v,_xlfn.TEXTJOIN(", ",TRUE,_xlpm.v)),0,0),_xlpm.vfcc,_xlfn.BYROW(_xlpm.vfc,_xlfn.LAMBDA(_xlpm.r,IF(INDEX(_xlpm.r,1,2)="","","{""Crop"": """&INDEX(_xlpm.r,1,1)&""", ""Subs"": {"&INDEX(_xlpm.r,1,2)&"}}"))),_xlpm.vs,_xlfn.SORTBY(_xlpm.vfcc,MATCH(INDEX(_xlpm.vfc,0,1),_xlpm.crop,0)),"""CropSubSampling"": ["&_xlfn.TEXTJOIN(", ",TRUE,_xlpm.vs)&"]")} -> "CropSubSampling": [{"Crop": "DX", "Subs": {"Size L": {"ResX": 3872, "ResY": 2592}, "Size M": {"ResX": 2896, "ResY": 1944}, "Size S": {"ResX": 1936, "ResY": 1296}}}]
A13: D60 | B13: D60 | C13: 2008 | D13: EXPEED | F13: Sony ICX-493-AQA | G13: CCD | I13: 12 | J13: 3872 | K13: 2592 | L13: 23.6 | M13: 15.8 | N13: 6.11 | O13: 6.11 | U13: 3872x2592 | V13: 2896x1944 | W13: 1936x1296 | AQ13: =""""&B13&""": {"&"""Name"": "&""""&A13&""", "&"""Year"": "&C13&", "&"""Processor"": "&""""&D13&""", "&"""Sensor"": {"&"""Name"": "&""""&F13&""", "&"""Type"": "&""""&G13&""", "&"""Bayer"": "&""""&H13&""", "&"""BitDepth"": "&""&I13&", "&"""ResX"": "&""&J13&", "&"""ResY"": "&""&K13&", "&"""SizeX"": "&""&SUBSTITUTE(L13,",",".")&", "&"""SizeY"": "&""&SUBSTITUTE(M13,",",".")&", "&"""PixelSizeX"": "&""&SUBSTITUTE(N13,",",".")&", "&"""PixelSizeY"": "&""&SUBSTITUTE(O13,",",".")&"}, "&AR13&"}" -> "D60": {"Name": "D60", "Year": 2008, "Processor": "EXPEED", "Sensor": {"Name": "Sony ICX-493-AQA", "Type": "CCD", "Bayer": "", "BitDepth": 12, "ResX": 3872, "ResY": 2592, "SizeX": 23.6, "SizeY": 15.8, "PixelSizeX": 6.11, "PixelSizeY": 6.11}, "CropSubSampling": [{"Crop": "DX", "Subs": {"Size L": {"ResX": 3872, "ResY": 2592}, "Size M": {"ResX": 2896, "ResY": 1944}, "Size S": {"ResX": 1936, "ResY": 1296}}}]} | AR13: {=_xlfn.LET(_xlpm.crop,$R$2:$AO$2,_xlpm.size,$R$3:$AO$3,_xlpm.value,R13:AO13,_xlpm.vf,_xlfn.MAP(_xlpm.size,_xlpm.value,_xlfn.LAMBDA(_xlpm.s,_xlpm.v,IF(_xlpm.v="","",""""&_xlpm.s&""": {""ResX"": "&_xlfn.TEXTBEFORE(_xlpm.v,"x")&", ""ResY"": "&_xlfn.TEXTAFTER(_xlpm.v,"x")&"}"))),_xlpm.vfc,_xlfn.GROUPBY(TRANSPOSE(_xlpm.crop),TRANSPOSE(_xlpm.vf),_xlfn.LAMBDA(_xlpm.v,_xlfn.TEXTJOIN(", ",TRUE,_xlpm.v)),0,0),_xlpm.vfcc,_xlfn.BYROW(_xlpm.vfc,_xlfn.LAMBDA(_xlpm.r,IF(INDEX(_xlpm.r,1,2)="","","{""Crop"": """&INDEX(_xlpm.r,1,1)&""", ""Subs"": {"&INDEX(_xlpm.r,1,2)&"}}"))),_xlpm.vs,_xlfn.SORTBY(_xlpm.vfcc,MATCH(INDEX(_xlpm.vfc,0,1),_xlpm.crop,0)),"""CropSubSampling"": ["&_xlfn.TEXTJOIN(", ",TRUE,_xlpm.vs)&"]")} -> "CropSubSampling": [{"Crop": "DX", "Subs": {"Size L": {"ResX": 3872, "ResY": 2592}, "Size M": {"ResX": 2896, "ResY": 1944}, "Size S": {"ResX": 1936, "ResY": 1296}}}]
A14: D80 | B14: D80 | C14: 2006 | F14: Sony ICX-493-AQA | G14: CCD | H14: GBRG | I14: 12 | J14: 3872 | K14: 2592 | L14: 23.6 | M14: 15.8 | N14: 6.11 | O14: 6.11 | U14: 3872x2592 | V14: 2896x1944 | W14: 1936x1296 | AQ14: =""""&B14&""": {"&"""Name"": "&""""&A14&""", "&"""Year"": "&C14&", "&"""Processor"": "&""""&D14&""", "&"""Sensor"": {"&"""Name"": "&""""&F14&""", "&"""Type"": "&""""&G14&""", "&"""Bayer"": "&""""&H14&""", "&"""BitDepth"": "&""&I14&", "&"""ResX"": "&""&J14&", "&"""ResY"": "&""&K14&", "&"""SizeX"": "&""&SUBSTITUTE(L14,",",".")&", "&"""SizeY"": "&""&SUBSTITUTE(M14,",",".")&", "&"""PixelSizeX"": "&""&SUBSTITUTE(N14,",",".")&", "&"""PixelSizeY"": "&""&SUBSTITUTE(O14,",",".")&"}, "&AR14&"}" -> "D80": {"Name": "D80", "Year": 2006, "Processor": "", "Sensor": {"Name": "Sony ICX-493-AQA", "Type": "CCD", "Bayer": "GBRG", "BitDepth": 12, "ResX": 3872, "ResY": 2592, "SizeX": 23.6, "SizeY": 15.8, "PixelSizeX": 6.11, "PixelSizeY": 6.11}, "CropSubSampling": [{"Crop": "DX", "Subs": {"Size L": {"ResX": 3872, "ResY": 2592}, "Size M": {"ResX": 2896, "ResY": 1944}, "Size S": {"ResX": 1936, "ResY": 1296}}}]} | AR14: {=_xlfn.LET(_xlpm.crop,$R$2:$AO$2,_xlpm.size,$R$3:$AO$3,_xlpm.value,R14:AO14,_xlpm.vf,_xlfn.MAP(_xlpm.size,_xlpm.value,_xlfn.LAMBDA(_xlpm.s,_xlpm.v,IF(_xlpm.v="","",""""&_xlpm.s&""": {""ResX"": "&_xlfn.TEXTBEFORE(_xlpm.v,"x")&", ""ResY"": "&_xlfn.TEXTAFTER(_xlpm.v,"x")&"}"))),_xlpm.vfc,_xlfn.GROUPBY(TRANSPOSE(_xlpm.crop),TRANSPOSE(_xlpm.vf),_xlfn.LAMBDA(_xlpm.v,_xlfn.TEXTJOIN(", ",TRUE,_xlpm.v)),0,0),_xlpm.vfcc,_xlfn.BYROW(_xlpm.vfc,_xlfn.LAMBDA(_xlpm.r,IF(INDEX(_xlpm.r,1,2)="","","{""Crop"": """&INDEX(_xlpm.r,1,1)&""", ""Subs"": {"&INDEX(_xlpm.r,1,2)&"}}"))),_xlpm.vs,_xlfn.SORTBY(_xlpm.vfcc,MATCH(INDEX(_xlpm.vfc,0,1),_xlpm.crop,0)),"""CropSubSampling"": ["&_xlfn.TEXTJOIN(", ",TRUE,_xlpm.vs)&"]")} -> "CropSubSampling": [{"Crop": "DX", "Subs": {"Size L": {"ResX": 3872, "ResY": 2592}, "Size M": {"ResX": 2896, "ResY": 1944}, "Size S": {"ResX": 1936, "ResY": 1296}}}]
A15: D90 | B15: D90 | C15: 2008 | D15: EXPEED | F15: Sony IMX-038-BQL | G15: CMOS | I15: 12 | J15: 4288 | K15: 2848 | L15: 23.6 | M15: 15.8 | N15: 5.53 | O15: 5.53 | U15: 4288x2848 | V15: 3216x2136 | W15: 2144x1424 | AQ15: =""""&B15&""": {"&"""Name"": "&""""&A15&""", "&"""Year"": "&C15&", "&"""Processor"": "&""""&D15&""", "&"""Sensor"": {"&"""Name"": "&""""&F15&""", "&"""Type"": "&""""&G15&""", "&"""Bayer"": "&""""&H15&""", "&"""BitDepth"": "&""&I15&", "&"""ResX"": "&""&J15&", "&"""ResY"": "&""&K15&", "&"""SizeX"": "&""&SUBSTITUTE(L15,",",".")&", "&"""SizeY"": "&""&SUBSTITUTE(M15,",",".")&", "&"""PixelSizeX"": "&""&SUBSTITUTE(N15,",",".")&", "&"""PixelSizeY"": "&""&SUBSTITUTE(O15,",",".")&"}, "&AR15&"}" -> "D90": {"Name": "D90", "Year": 2008, "Processor": "EXPEED", "Sensor": {"Name": "Sony IMX-038-BQL", "Type": "CMOS", "Bayer": "", "BitDepth": 12, "ResX": 4288, "ResY": 2848, "SizeX": 23.6, "SizeY": 15.8, "PixelSizeX": 5.53, "PixelSizeY": 5.53}, "CropSubSampling": [{"Crop": "DX", "Subs": {"Size L": {"ResX": 4288, "ResY": 2848}, "Size M": {"ResX": 3216, "ResY": 2136}, "Size S": {"ResX": 2144, "ResY": 1424}}}]} | AR15: {=_xlfn.LET(_xlpm.crop,$R$2:$AO$2,_xlpm.size,$R$3:$AO$3,_xlpm.value,R15:AO15,_xlpm.vf,_xlfn.MAP(_xlpm.size,_xlpm.value,_xlfn.LAMBDA(_xlpm.s,_xlpm.v,IF(_xlpm.v="","",""""&_xlpm.s&""": {""ResX"": "&_xlfn.TEXTBEFORE(_xlpm.v,"x")&", ""ResY"": "&_xlfn.TEXTAFTER(_xlpm.v,"x")&"}"))),_xlpm.vfc,_xlfn.GROUPBY(TRANSPOSE(_xlpm.crop),TRANSPOSE(_xlpm.vf),_xlfn.LAMBDA(_xlpm.v,_xlfn.TEXTJOIN(", ",TRUE,_xlpm.v)),0,0),_xlpm.vfcc,_xlfn.BYROW(_xlpm.vfc,_xlfn.LAMBDA(_xlpm.r,IF(INDEX(_xlpm.r,1,2)="","","{""Crop"": """&INDEX(_xlpm.r,1,1)&""", ""Subs"": {"&INDEX(_xlpm.r,1,2)&"}}"))),_xlpm.vs,_xlfn.SORTBY(_xlpm.vfcc,MATCH(INDEX(_xlpm.vfc,0,1),_xlpm.crop,0)),"""CropSubSampling"": ["&_xlfn.TEXTJOIN(", ",TRUE,_xlpm.vs)&"]")} -> "CropSubSampling": [{"Crop": "DX", "Subs": {"Size L": {"ResX": 4288, "ResY": 2848}, "Size M": {"ResX": 3216, "ResY": 2136}, "Size S": {"ResX": 2144, "ResY": 1424}}}]
A16: D200 | B16: D200 | C16: 2005 | F16: Sony ICX-483-AQA | G16: CCD | I16: 12 | J16: 3872 | K16: 2592 | L16: 23.6 | M16: 15.8 | N16: 6.11 | O16: 6.11 | U16: 3872x2592 | V16: 2896x1944 | W16: 1936x1296 | AQ16: =""""&B16&""": {"&"""Name"": "&""""&A16&""", "&"""Year"": "&C16&", "&"""Processor"": "&""""&D16&""", "&"""Sensor"": {"&"""Name"": "&""""&F16&""", "&"""Type"": "&""""&G16&""", "&"""Bayer"": "&""""&H16&""", "&"""BitDepth"": "&""&I16&", "&"""ResX"": "&""&J16&", "&"""ResY"": "&""&K16&", "&"""SizeX"": "&""&SUBSTITUTE(L16,",",".")&", "&"""SizeY"": "&""&SUBSTITUTE(M16,",",".")&", "&"""PixelSizeX"": "&""&SUBSTITUTE(N16,",",".")&", "&"""PixelSizeY"": "&""&SUBSTITUTE(O16,",",".")&"}, "&AR16&"}" -> "D200": {"Name": "D200", "Year": 2005, "Processor": "", "Sensor": {"Name": "Sony ICX-483-AQA", "Type": "CCD", "Bayer": "", "BitDepth": 12, "ResX": 3872, "ResY": 2592, "SizeX": 23.6, "SizeY": 15.8, "PixelSizeX": 6.11, "PixelSizeY": 6.11}, "CropSubSampling": [{"Crop": "DX", "Subs": {"Size L": {"ResX": 3872, "ResY": 2592}, "Size M": {"ResX": 2896, "ResY": 1944}, "Size S": {"ResX": 1936, "ResY": 1296}}}]} | AR16: {=_xlfn.LET(_xlpm.crop,$R$2:$AO$2,_xlpm.size,$R$3:$AO$3,_xlpm.value,R16:AO16,_xlpm.vf,_xlfn.MAP(_xlpm.size,_xlpm.value,_xlfn.LAMBDA(_xlpm.s,_xlpm.v,IF(_xlpm.v="","",""""&_xlpm.s&""": {""ResX"": "&_xlfn.TEXTBEFORE(_xlpm.v,"x")&", ""ResY"": "&_xlfn.TEXTAFTER(_xlpm.v,"x")&"}"))),_xlpm.vfc,_xlfn.GROUPBY(TRANSPOSE(_xlpm.crop),TRANSPOSE(_xlpm.vf),_xlfn.LAMBDA(_xlpm.v,_xlfn.TEXTJOIN(", ",TRUE,_xlpm.v)),0,0),_xlpm.vfcc,_xlfn.BYROW(_xlpm.vfc,_xlfn.LAMBDA(_xlpm.r,IF(INDEX(_xlpm.r,1,2)="","","{""Crop"": """&INDEX(_xlpm.r,1,1)&""", ""Subs"": {"&INDEX(_xlpm.r,1,2)&"}}"))),_xlpm.vs,_xlfn.SORTBY(_xlpm.vfcc,MATCH(INDEX(_xlpm.vfc,0,1),_xlpm.crop,0)),"""CropSubSampling"": ["&_xlfn.TEXTJOIN(", ",TRUE,_xlpm.vs)&"]")} -> "CropSubSampling": [{"Crop": "DX", "Subs": {"Size L": {"ResX": 3872, "ResY": 2592}, "Size M": {"ResX": 2896, "ResY": 1944}, "Size S": {"ResX": 1936, "ResY": 1296}}}]
A17: D300 | B17: D300 | C17: 2007 | D17: EXPEED | F17: Sony IMX-021-BQR | G17: CMOS | I17: 14 | J17: 4288 | K17: 2848 | L17: 23.6 | M17: 15.8 | N17: 5.5 | O17: 5.5 | U17: 4288x2848 | V17: 3216x2136 | W17: 2144x1424 | AQ17: =""""&B17&""": {"&"""Name"": "&""""&A17&""", "&"""Year"": "&C17&", "&"""Processor"": "&""""&D17&""", "&"""Sensor"": {"&"""Name"": "&""""&F17&""", "&"""Type"": "&""""&G17&""", "&"""Bayer"": "&""""&H17&""", "&"""BitDepth"": "&""&I17&", "&"""ResX"": "&""&J17&", "&"""ResY"": "&""&K17&", "&"""SizeX"": "&""&SUBSTITUTE(L17,",",".")&", "&"""SizeY"": "&""&SUBSTITUTE(M17,",",".")&", "&"""PixelSizeX"": "&""&SUBSTITUTE(N17,",",".")&", "&"""PixelSizeY"": "&""&SUBSTITUTE(O17,",",".")&"}, "&AR17&"}" -> "D300": {"Name": "D300", "Year": 2007, "Processor": "EXPEED", "Sensor": {"Name": "Sony IMX-021-BQR", "Type": "CMOS", "Bayer": "", "BitDepth": 14, "ResX": 4288, "ResY": 2848, "SizeX": 23.6, "SizeY": 15.8, "PixelSizeX": 5.5, "PixelSizeY": 5.5}, "CropSubSampling": [{"Crop": "DX", "Subs": {"Size L": {"ResX": 4288, "ResY": 2848}, "Size M": {"ResX": 3216, "ResY": 2136}, "Size S": {"ResX": 2144, "ResY": 1424}}}]} | AR17: {=_xlfn.LET(_xlpm.crop,$R$2:$AO$2,_xlpm.size,$R$3:$AO$3,_xlpm.value,R17:AO17,_xlpm.vf,_xlfn.MAP(_xlpm.size,_xlpm.value,_xlfn.LAMBDA(_xlpm.s,_xlpm.v,IF(_xlpm.v="","",""""&_xlpm.s&""": {""ResX"": "&_xlfn.TEXTBEFORE(_xlpm.v,"x")&", ""ResY"": "&_xlfn.TEXTAFTER(_xlpm.v,"x")&"}"))),_xlpm.vfc,_xlfn.GROUPBY(TRANSPOSE(_xlpm.crop),TRANSPOSE(_xlpm.vf),_xlfn.LAMBDA(_xlpm.v,_xlfn.TEXTJOIN(", ",TRUE,_xlpm.v)),0,0),_xlpm.vfcc,_xlfn.BYROW(_xlpm.vfc,_xlfn.LAMBDA(_xlpm.r,IF(INDEX(_xlpm.r,1,2)="","","{""Crop"": """&INDEX(_xlpm.r,1,1)&""", ""Subs"": {"&INDEX(_xlpm.r,1,2)&"}}"))),_xlpm.vs,_xlfn.SORTBY(_xlpm.vfcc,MATCH(INDEX(_xlpm.vfc,0,1),_xlpm.crop,0)),"""CropSubSampling"": ["&_xlfn.TEXTJOIN(", ",TRUE,_xlpm.vs)&"]")} -> "CropSubSampling": [{"Crop": "DX", "Subs": {"Size L": {"ResX": 4288, "ResY": 2848}, "Size M": {"ResX": 3216, "ResY": 2136}, "Size S": {"ResX": 2144, "ResY": 1424}}}]
A18: D300S | B18: D300S | C18: 2009 | D18: EXPEED | F18: Sony IMX-038-BQL | G18: CMOS | I18: 14 | J18: 4288 | K18: 2848 | L18: 23.6 | M18: 15.8 | N18: 5.5 | O18: 5.5 | U18: 4288x2848 | V18: 3216x2136 | W18: 2144x1424 | AQ18: =""""&B18&""": {"&"""Name"": "&""""&A18&""", "&"""Year"": "&C18&", "&"""Processor"": "&""""&D18&""", "&"""Sensor"": {"&"""Name"": "&""""&F18&""", "&"""Type"": "&""""&G18&""", "&"""Bayer"": "&""""&H18&""", "&"""BitDepth"": "&""&I18&", "&"""ResX"": "&""&J18&", "&"""ResY"": "&""&K18&", "&"""SizeX"": "&""&SUBSTITUTE(L18,",",".")&", "&"""SizeY"": "&""&SUBSTITUTE(M18,",",".")&", "&"""PixelSizeX"": "&""&SUBSTITUTE(N18,",",".")&", "&"""PixelSizeY"": "&""&SUBSTITUTE(O18,",",".")&"}, "&AR18&"}" -> "D300S": {"Name": "D300S", "Year": 2009, "Processor": "EXPEED", "Sensor": {"Name": "Sony IMX-038-BQL", "Type": "CMOS", "Bayer": "", "BitDepth": 14, "ResX": 4288, "ResY": 2848, "SizeX": 23.6, "SizeY": 15.8, "PixelSizeX": 5.5, "PixelSizeY": 5.5}, "CropSubSampling": [{"Crop": "DX", "Subs": {"Size L": {"ResX": 4288, "ResY": 2848}, "Size M": {"ResX": 3216, "ResY": 2136}, "Size S": {"ResX": 2144, "ResY": 1424}}}]} | AR18: {=_xlfn.LET(_xlpm.crop,$R$2:$AO$2,_xlpm.size,$R$3:$AO$3,_xlpm.value,R18:AO18,_xlpm.vf,_xlfn.MAP(_xlpm.size,_xlpm.value,_xlfn.LAMBDA(_xlpm.s,_xlpm.v,IF(_xlpm.v="","",""""&_xlpm.s&""": {""ResX"": "&_xlfn.TEXTBEFORE(_xlpm.v,"x")&", ""ResY"": "&_xlfn.TEXTAFTER(_xlpm.v,"x")&"}"))),_xlpm.vfc,_xlfn.GROUPBY(TRANSPOSE(_xlpm.crop),TRANSPOSE(_xlpm.vf),_xlfn.LAMBDA(_xlpm.v,_xlfn.TEXTJOIN(", ",TRUE,_xlpm.v)),0,0),_xlpm.vfcc,_xlfn.BYROW(_xlpm.vfc,_xlfn.LAMBDA(_xlpm.r,IF(INDEX(_xlpm.r,1,2)="","","{""Crop"": """&INDEX(_xlpm.r,1,1)&""", ""Subs"": {"&INDEX(_xlpm.r,1,2)&"}}"))),_xlpm.vs,_xlfn.SORTBY(_xlpm.vfcc,MATCH(INDEX(_xlpm.vfc,0,1),_xlpm.crop,0)),"""CropSubSampling"": ["&_xlfn.TEXTJOIN(", ",TRUE,_xlpm.vs)&"]")} -> "CropSubSampling": [{"Crop": "DX", "Subs": {"Size L": {"ResX": 4288, "ResY": 2848}, "Size M": {"ResX": 3216, "ResY": 2136}, "Size S": {"ResX": 2144, "ResY": 1424}}}]
A19: D500 | B19: D500 | C19: 2016 | D19: EXPEED 5 | F19: Sony IMX-321 | G19: CMOS | I19: 14 | J19: 5568 | K19: 3712 | L19: 23.5 | M19: 15.7 | N19: 4.22 | O19: 4.22 | Q19: DX 0, 1.3x 1 | U19: 5568x3712 | V19: 4176x2784 | W19: 2784x1856 | AA19: 4272x2848 | AB19: 3200x2136 | AC19: 2128x1424 | AQ19: =""""&B19&""": {"&"""Name"": "&""""&A19&""", "&"""Year"": "&C19&", "&"""Processor"": "&""""&D19&""", "&"""Sensor"": {"&"""Name"": "&""""&F19&""", "&"""Type"": "&""""&G19&""", "&"""Bayer"": "&""""&H19&""", "&"""BitDepth"": "&""&I19&", "&"""ResX"": "&""&J19&", "&"""ResY"": "&""&K19&", "&"""SizeX"": "&""&SUBSTITUTE(L19,",",".")&", "&"""SizeY"": "&""&SUBSTITUTE(M19,",",".")&", "&"""PixelSizeX"": "&""&SUBSTITUTE(N19,",",".")&", "&"""PixelSizeY"": "&""&SUBSTITUTE(O19,",",".")&"}, "&AR19&"}" -> "D500": {"Name": "D500", "Year": 2016, "Processor": "EXPEED 5", "Sensor": {"Name": "Sony IMX-321", "Type": "CMOS", "Bayer": "", "BitDepth": 14, "ResX": 5568, "ResY": 3712, "SizeX": 23.5, "SizeY": 15.7, "PixelSizeX": 4.22, "PixelSizeY": 4.22}, "CropSubSampling": [{"Crop": "DX", "Subs": {"Size L": {"ResX": 5568, "ResY": 3712}, "Size M": {"ResX": 4176, "ResY": 2784}, "Size S": {"ResX": 2784, "ResY": 1856}}}, {"Crop": "1.3x", "Subs": {"Size L": {"ResX": 4272, "ResY": 2848}, "Size M": {"ResX": 3200, "ResY": 2136}, "Size S": {"ResX": 2128, "ResY": 1424}}}]} | AR19: {=_xlfn.LET(_xlpm.crop,$R$2:$AO$2,_xlpm.size,$R$3:$AO$3,_xlpm.value,R19:AO19,_xlpm.vf,_xlfn.MAP(_xlpm.size,_xlpm.value,_xlfn.LAMBDA(_xlpm.s,_xlpm.v,IF(_xlpm.v="","",""""&_xlpm.s&""": {""ResX"": "&_xlfn.TEXTBEFORE(_xlpm.v,"x")&", ""ResY"": "&_xlfn.TEXTAFTER(_xlpm.v,"x")&"}"))),_xlpm.vfc,_xlfn.GROUPBY(TRANSPOSE(_xlpm.crop),TRANSPOSE(_xlpm.vf),_xlfn.LAMBDA(_xlpm.v,_xlfn.TEXTJOIN(", ",TRUE,_xlpm.v)),0,0),_xlpm.vfcc,_xlfn.BYROW(_xlpm.vfc,_xlfn.LAMBDA(_xlpm.r,IF(INDEX(_xlpm.r,1,2)="","","{""Crop"": """&INDEX(_xlpm.r,1,1)&""", ""Subs"": {"&INDEX(_xlpm.r,1,2)&"}}"))),_xlpm.vs,_xlfn.SORTBY(_xlpm.vfcc,MATCH(INDEX(_xlpm.vfc,0,1),_xlpm.crop,0)),"""CropSubSampling"": ["&_xlfn.TEXTJOIN(", ",TRUE,_xlpm.vs)&"]")} -> "CropSubSampling": [{"Crop": "DX", "Subs": {"Size L": {"ResX": 5568, "ResY": 3712}, "Size M": {"ResX": 4176, "ResY": 2784}, "Size S": {"ResX": 2784, "ResY": 1856}}}, {"Crop": "1.3x", "Subs": {"Size L": {"ResX": 4272, "ResY": 2848}, "Size M": {"ResX": 3200, "ResY": 2136}, "Size S": {"ResX": 2128, "ResY": 1424}}}]
A20: D600 | B20: D600 | C20: 2012 | D20: EXPEED 3 | F20: Sony IMX-128- (L) -AQP | G20: CMOS | I20: 14 | J20: 6016 | K20: 4016 | L20: 35.9 | M20: 24 | N20: 5.95 | O20: 5.95 | Q20: FX 0, DX 1 | R20: 6016x4016 | S20: 4512x3008 | T20: 3008x2008 | U20: 3936x2624 | V20: 2944x1968 | W20: 1968x1312 | AQ20: =""""&B20&""": {"&"""Name"": "&""""&A20&""", "&"""Year"": "&C20&", "&"""Processor"": "&""""&D20&""", "&"""Sensor"": {"&"""Name"": "&""""&F20&""", "&"""Type"": "&""""&G20&""", "&"""Bayer"": "&""""&H20&""", "&"""BitDepth"": "&""&I20&", "&"""ResX"": "&""&J20&", "&"""ResY"": "&""&K20&", "&"""SizeX"": "&""&SUBSTITUTE(L20,",",".")&", "&"""SizeY"": "&""&SUBSTITUTE(M20,",",".")&", "&"""PixelSizeX"": "&""&SUBSTITUTE(N20,",",".")&", "&"""PixelSizeY"": "&""&SUBSTITUTE(O20,",",".")&"}, "&AR20&"}" -> "D600": {"Name": "D600", "Year": 2012, "Processor": "EXPEED 3", "Sensor": {"Name": "Sony IMX-128- (L) -AQP", "Type": "CMOS", "Bayer": "", "BitDepth": 14, "ResX": 6016, "ResY": 4016, "SizeX": 35.9, "SizeY": 24, "PixelSizeX": 5.95, "PixelSizeY": 5.95}, "CropSubSampling": [{"Crop": "FX", "Subs": {"Size L": {"ResX": 6016, "ResY": 4016}, "Size M": {"ResX": 4512, "ResY": 3008}, "Size S": {"ResX": 3008, "ResY": 2008}}}, {"Crop": "DX", "Subs": {"Size L": {"ResX": 3936, "ResY": 2624}, "Size M": {"ResX": 2944, "ResY": 1968}, "Size S": {"ResX": 1968, "ResY": 1312}}}]} | AR20: {=_xlfn.LET(_xlpm.crop,$R$2:$AO$2,_xlpm.size,$R$3:$AO$3,_xlpm.value,R20:AO20,_xlpm.vf,_xlfn.MAP(_xlpm.size,_xlpm.value,_xlfn.LAMBDA(_xlpm.s,_xlpm.v,IF(_xlpm.v="","",""""&_xlpm.s&""": {""ResX"": "&_xlfn.TEXTBEFORE(_xlpm.v,"x")&", ""ResY"": "&_xlfn.TEXTAFTER(_xlpm.v,"x")&"}"))),_xlpm.vfc,_xlfn.GROUPBY(TRANSPOSE(_xlpm.crop),TRANSPOSE(_xlpm.vf),_xlfn.LAMBDA(_xlpm.v,_xlfn.TEXTJOIN(", ",TRUE,_xlpm.v)),0,0),_xlpm.vfcc,_xlfn.BYROW(_xlpm.vfc,_xlfn.LAMBDA(_xlpm.r,IF(INDEX(_xlpm.r,1,2)="","","{""Crop"": """&INDEX(_xlpm.r,1,1)&""", ""Subs"": {"&INDEX(_xlpm.r,1,2)&"}}"))),_xlpm.vs,_xlfn.SORTBY(_xlpm.vfcc,MATCH(INDEX(_xlpm.vfc,0,1),_xlpm.crop,0)),"""CropSubSampling"": ["&_xlfn.TEXTJOIN(", ",TRUE,_xlpm.vs)&"]")} -> "CropSubSampling": [{"Crop": "FX", "Subs": {"Size L": {"ResX": 6016, "ResY": 4016}, "Size M": {"ResX": 4512, "ResY": 3008}, "Size S": {"ResX": 3008, "ResY": 2008}}}, {"Crop": "DX", "Subs": {"Size L": {"ResX": 3936, "ResY": 2624}, "Size M": {"ResX": 2944, "ResY": 1968}, "Size S": {"ResX": 1968, "ResY": 1312}}}]
A21: D610 | B21: D610 | C21: 2013 | D21: EXPEED 3 | F21: Sony IMX-128- (L) -AQP | G21: CMOS | I21: 14 | J21: 6016 | K21: 4016 | L21: 35.9 | M21: 24 | N21: 5.95 | O21: 5.95 | Q21: FX 0, DX 1 | R21: 6016x4016 | S21: 4512x3008 | T21: 3008x2008 | U21: 3936x2624 | V21: 2944x1968 | W21: 1968x1312 | AQ21: =""""&B21&""": {"&"""Name"": "&""""&A21&""", "&"""Year"": "&C21&", "&"""Processor"": "&""""&D21&""", "&"""Sensor"": {"&"""Name"": "&""""&F21&""", "&"""Type"": "&""""&G21&""", "&"""Bayer"": "&""""&H21&""", "&"""BitDepth"": "&""&I21&", "&"""ResX"": "&""&J21&", "&"""ResY"": "&""&K21&", "&"""SizeX"": "&""&SUBSTITUTE(L21,",",".")&", "&"""SizeY"": "&""&SUBSTITUTE(M21,",",".")&", "&"""PixelSizeX"": "&""&SUBSTITUTE(N21,",",".")&", "&"""PixelSizeY"": "&""&SUBSTITUTE(O21,",",".")&"}, "&AR21&"}" -> "D610": {"Name": "D610", "Year": 2013, "Processor": "EXPEED 3", "Sensor": {"Name": "Sony IMX-128- (L) -AQP", "Type": "CMOS", "Bayer": "", "BitDepth": 14, "ResX": 6016, "ResY": 4016, "SizeX": 35.9, "SizeY": 24, "PixelSizeX": 5.95, "PixelSizeY": 5.95}, "CropSubSampling": [{"Crop": "FX", "Subs": {"Size L": {"ResX": 6016, "ResY": 4016}, "Size M": {"ResX": 4512, "ResY": 3008}, "Size S": {"ResX": 3008, "ResY": 2008}}}, {"Crop": "DX", "Subs": {"Size L": {"ResX": 3936, "ResY": 2624}, "Size M": {"ResX": 2944, "ResY": 1968}, "Size S": {"ResX": 1968, "ResY": 1312}}}]} | AR21: {=_xlfn.LET(_xlpm.crop,$R$2:$AO$2,_xlpm.size,$R$3:$AO$3,_xlpm.value,R21:AO21,_xlpm.vf,_xlfn.MAP(_xlpm.size,_xlpm.value,_xlfn.LAMBDA(_xlpm.s,_xlpm.v,IF(_xlpm.v="","",""""&_xlpm.s&""": {""ResX"": "&_xlfn.TEXTBEFORE(_xlpm.v,"x")&", ""ResY"": "&_xlfn.TEXTAFTER(_xlpm.v,"x")&"}"))),_xlpm.vfc,_xlfn.GROUPBY(TRANSPOSE(_xlpm.crop),TRANSPOSE(_xlpm.vf),_xlfn.LAMBDA(_xlpm.v,_xlfn.TEXTJOIN(", ",TRUE,_xlpm.v)),0,0),_xlpm.vfcc,_xlfn.BYROW(_xlpm.vfc,_xlfn.LAMBDA(_xlpm.r,IF(INDEX(_xlpm.r,1,2)="","","{""Crop"": """&INDEX(_xlpm.r,1,1)&""", ""Subs"": {"&INDEX(_xlpm.r,1,2)&"}}"))),_xlpm.vs,_xlfn.SORTBY(_xlpm.vfcc,MATCH(INDEX(_xlpm.vfc,0,1),_xlpm.crop,0)),"""CropSubSampling"": ["&_xlfn.TEXTJOIN(", ",TRUE,_xlpm.vs)&"]")} -> "CropSubSampling": [{"Crop": "FX", "Subs": {"Size L": {"ResX": 6016, "ResY": 4016}, "Size M": {"ResX": 4512, "ResY": 3008}, "Size S": {"ResX": 3008, "ResY": 2008}}}, {"Crop": "DX", "Subs": {"Size L": {"ResX": 3936, "ResY": 2624}, "Size M": {"ResX": 2944, "ResY": 1968}, "Size S": {"ResX": 1968, "ResY": 1312}}}]
A22: D700 | B22: D700 | C22: 2008 | D22: EXPEED | F22: Nikon NC81338L | G22: CMOS | I22: 14 | J22: 4256 | K22: 2832 | L22: 36 | M22: 23.9 | N22: 8.45 | O22: 8.45 | Q22: FX 0, DX 1 | R22: 4256x2832 | S22: 3184x2120 | T22: 2128x1416 | U22: 2784x1848 | V22: 2080x1384 | W22: 1392x920 | AQ22: =""""&B22&""": {"&"""Name"": "&""""&A22&""", "&"""Year"": "&C22&", "&"""Processor"": "&""""&D22&""", "&"""Sensor"": {"&"""Name"": "&""""&F22&""", "&"""Type"": "&""""&G22&""", "&"""Bayer"": "&""""&H22&""", "&"""BitDepth"": "&""&I22&", "&"""ResX"": "&""&J22&", "&"""ResY"": "&""&K22&", "&"""SizeX"": "&""&SUBSTITUTE(L22,",",".")&", "&"""SizeY"": "&""&SUBSTITUTE(M22,",",".")&", "&"""PixelSizeX"": "&""&SUBSTITUTE(N22,",",".")&", "&"""PixelSizeY"": "&""&SUBSTITUTE(O22,",",".")&"}, "&AR22&"}" -> "D700": {"Name": "D700", "Year": 2008, "Processor": "EXPEED", "Sensor": {"Name": "Nikon NC81338L", "Type": "CMOS", "Bayer": "", "BitDepth": 14, "ResX": 4256, "ResY": 2832, "SizeX": 36, "SizeY": 23.9, "PixelSizeX": 8.45, "PixelSizeY": 8.45}, "CropSubSampling": [{"Crop": "FX", "Subs": {"Size L": {"ResX": 4256, "ResY": 2832}, "Size M": {"ResX": 3184, "ResY": 2120}, "Size S": {"ResX": 2128, "ResY": 1416}}}, {"Crop": "DX", "Subs": {"Size L": {"ResX": 2784, "ResY": 1848}, "Size M": {"ResX": 2080, "ResY": 1384}, "Size S": {"ResX": 1392, "ResY": 920}}}]} | AR22: {=_xlfn.LET(_xlpm.crop,$R$2:$AO$2,_xlpm.size,$R$3:$AO$3,_xlpm.value,R22:AO22,_xlpm.vf,_xlfn.MAP(_xlpm.size,_xlpm.value,_xlfn.LAMBDA(_xlpm.s,_xlpm.v,IF(_xlpm.v="","",""""&_xlpm.s&""": {""ResX"": "&_xlfn.TEXTBEFORE(_xlpm.v,"x")&", ""ResY"": "&_xlfn.TEXTAFTER(_xlpm.v,"x")&"}"))),_xlpm.vfc,_xlfn.GROUPBY(TRANSPOSE(_xlpm.crop),TRANSPOSE(_xlpm.vf),_xlfn.LAMBDA(_xlpm.v,_xlfn.TEXTJOIN(", ",TRUE,_xlpm.v)),0,0),_xlpm.vfcc,_xlfn.BYROW(_xlpm.vfc,_xlfn.LAMBDA(_xlpm.r,IF(INDEX(_xlpm.r,1,2)="","","{""Crop"": """&INDEX(_xlpm.r,1,1)&""", ""Subs"": {"&INDEX(_xlpm.r,1,2)&"}}"))),_xlpm.vs,_xlfn.SORTBY(_xlpm.vfcc,MATCH(INDEX(_xlpm.vfc,0,1),_xlpm.crop,0)),"""CropSubSampling"": ["&_xlfn.TEXTJOIN(", ",TRUE,_xlpm.vs)&"]")} -> "CropSubSampling": [{"Crop": "FX", "Subs": {"Size L": {"ResX": 4256, "ResY": 2832}, "Size M": {"ResX": 3184, "ResY": 2120}, "Size S": {"ResX": 2128, "ResY": 1416}}}, {"Crop": "DX", "Subs": {"Size L": {"ResX": 2784, "ResY": 1848}, "Size M": {"ResX": 2080, "ResY": 1384}, "Size S": {"ResX": 1392, "ResY": 920}}}]
A23: D750 | B23: D750 | C23: 2014 | D23: EXPEED 4 | F23: Sony IMX-128- (L) -AQP | G23: CMOS | I23: 14 | J23: 6016 | K23: 4016 | L23: 35.9 | M23: 24 | N23: 5.97 | O23: 5.97 | Q23: FX 0, DX 1, 1.2x 3 | R23: 6016x4016 | S23: 4512x3008 | T23: 3008x2008 | U23: 3936x2624 | V23: 2944x1968 | W23: 1968x1312 | AG23: 5008x3336 | AH23: 3752x2504 | AI23: 2504x1664 | AQ23: =""""&B23&""": {"&"""Name"": "&""""&A23&""", "&"""Year"": "&C23&", "&"""Processor"": "&""""&D23&""", "&"""Sensor"": {"&"""Name"": "&""""&F23&""", "&"""Type"": "&""""&G23&""", "&"""Bayer"": "&""""&H23&""", "&"""BitDepth"": "&""&I23&", "&"""ResX"": "&""&J23&", "&"""ResY"": "&""&K23&", "&"""SizeX"": "&""&SUBSTITUTE(L23,",",".")&", "&"""SizeY"": "&""&SUBSTITUTE(M23,",",".")&", "&"""PixelSizeX"": "&""&SUBSTITUTE(N23,",",".")&", "&"""PixelSizeY"": "&""&SUBSTITUTE(O23,",",".")&"}, "&AR23&"}" -> "D750": {"Name": "D750", "Year": 2014, "Processor": "EXPEED 4", "Sensor": {"Name": "Sony IMX-128- (L) -AQP", "Type": "CMOS", "Bayer": "", "BitDepth": 14, "ResX": 6016, "ResY": 4016, "SizeX": 35.9, "SizeY": 24, "PixelSizeX": 5.97, "PixelSizeY": 5.97}, "CropSubSampling": [{"Crop": "FX", "Subs": {"Size L": {"ResX": 6016, "ResY": 4016}, "Size M": {"ResX": 4512, "ResY": 3008}, "Size S": {"ResX": 3008, "ResY": 2008}}}, {"Crop": "DX", "Subs": {"Size L": {"ResX": 3936, "ResY": 2624}, "Size M": {"ResX": 2944, "ResY": 1968}, "Size S": {"ResX": 1968, "ResY": 1312}}}, {"Crop": "1.2x", "Subs": {"Size L": {"ResX": 5008, "ResY": 3336}, "Size M": {"ResX": 3752, "ResY": 2504}, "Size S": {"ResX": 2504, "ResY": 1664}}}]} | AR23: {=_xlfn.LET(_xlpm.crop,$R$2:$AO$2,_xlpm.size,$R$3:$AO$3,_xlpm.value,R23:AO23,_xlpm.vf,_xlfn.MAP(_xlpm.size,_xlpm.value,_xlfn.LAMBDA(_xlpm.s,_xlpm.v,IF(_xlpm.v="","",""""&_xlpm.s&""": {""ResX"": "&_xlfn.TEXTBEFORE(_xlpm.v,"x")&", ""ResY"": "&_xlfn.TEXTAFTER(_xlpm.v,"x")&"}"))),_xlpm.vfc,_xlfn.GROUPBY(TRANSPOSE(_xlpm.crop),TRANSPOSE(_xlpm.vf),_xlfn.LAMBDA(_xlpm.v,_xlfn.TEXTJOIN(", ",TRUE,_xlpm.v)),0,0),_xlpm.vfcc,_xlfn.BYROW(_xlpm.vfc,_xlfn.LAMBDA(_xlpm.r,IF(INDEX(_xlpm.r,1,2)="","","{""Crop"": """&INDEX(_xlpm.r,1,1)&""", ""Subs"": {"&INDEX(_xlpm.r,1,2)&"}}"))),_xlpm.vs,_xlfn.SORTBY(_xlpm.vfcc,MATCH(INDEX(_xlpm.vfc,0,1),_xlpm.crop,0)),"""CropSubSampling"": ["&_xlfn.TEXTJOIN(", ",TRUE,_xlpm.vs)&"]")} -> "CropSubSampling": [{"Crop": "FX", "Subs": {"Size L": {"ResX": 6016, "ResY": 4016}, "Size M": {"ResX": 4512, "ResY": 3008}, "Size S": {"ResX": 3008, "ResY": 2008}}}, {"Crop": "DX", "Subs": {"Size L": {"ResX": 3936, "ResY": 2624}, "Size M": {"ResX": 2944, "ResY": 1968}, "Size S": {"ResX": 1968, "ResY": 1312}}}, {"Crop": "1.2x", "Subs": {"Size L": {"ResX": 5008, "ResY": 3336}, "Size M": {"ResX": 3752, "ResY": 2504}, "Size S": {"ResX": 2504, "ResY": 1664}}}]
A24: D780 | B24: D780 | C24: 2020 | D24: EXPEED 6 | F24: Sony ? | G24: BSI-CMOS | I24: 14 | J24: 6048 | K24: 4024 | L24: 35.9 | M24: 23.9 | N24: 5.94 | O24: 5.94 | Q24: FX 0, DX 2, 1:1 4, 16:9 5 | R24: 6048x4024 | S24: 4528x3016 | T24: 3024x2016 | U24: 3936x2624 | V24: 2944x1968 | W24: 1968x1312 | AJ24: 4016x4016 | AK24: 3008x3008 | AL24: 2000x2000 | AM24: 6048x3400 | AN24: 4528x2544 | AO24: 3024x1696 | AQ24: =""""&B24&""": {"&"""Name"": "&""""&A24&""", "&"""Year"": "&C24&", "&"""Processor"": "&""""&D24&""", "&"""Sensor"": {"&"""Name"": "&""""&F24&""", "&"""Type"": "&""""&G24&""", "&"""Bayer"": "&""""&H24&""", "&"""BitDepth"": "&""&I24&", "&"""ResX"": "&""&J24&", "&"""ResY"": "&""&K24&", "&"""SizeX"": "&""&SUBSTITUTE(L24,",",".")&", "&"""SizeY"": "&""&SUBSTITUTE(M24,",",".")&", "&"""PixelSizeX"": "&""&SUBSTITUTE(N24,",",".")&", "&"""PixelSizeY"": "&""&SUBSTITUTE(O24,",",".")&"}, "&AR24&"}" -> "D780": {"Name": "D780", "Year": 2020, "Processor": "EXPEED 6", "Sensor": {"Name": "Sony ?", "Type": "BSI-CMOS", "Bayer": "", "BitDepth": 14, "ResX": 6048, "ResY": 4024, "SizeX": 35.9, "SizeY": 23.9, "PixelSizeX": 5.94, "PixelSizeY": 5.94}, "CropSubSampling": [{"Crop": "FX", "Subs": {"Size L": {"ResX": 6048, "ResY": 4024}, "Size M": {"ResX": 4528, "ResY": 3016}, "Size S": {"ResX": 3024, "ResY": 2016}}}, {"Crop": "DX", "Subs": {"Size L": {"ResX": 3936, "ResY": 2624}, "Size M": {"ResX": 2944, "ResY": 1968}, "Size S": {"ResX": 1968, "ResY": 1312}}}, {"Crop": "1:1", "Subs": {"Size L": {"ResX": 4016, "ResY": 4016}, "Size M": {"ResX": 3008, "ResY": 3008}, "Size S": {"ResX": 2000, "ResY": 2000}}}, {"Crop": "16:9", "Subs": {"Size L": {"ResX": 6048, "ResY": 3400}, "Size M": {"ResX": 4528, "ResY": 2544}, "Size S": {"ResX": 3024, "ResY": 1696}}}]} | AR24: {=_xlfn.LET(_xlpm.crop,$R$2:$AO$2,_xlpm.size,$R$3:$AO$3,_xlpm.value,R24:AO24,_xlpm.vf,_xlfn.MAP(_xlpm.size,_xlpm.value,_xlfn.LAMBDA(_xlpm.s,_xlpm.v,IF(_xlpm.v="","",""""&_xlpm.s&""": {""ResX"": "&_xlfn.TEXTBEFORE(_xlpm.v,"x")&", ""ResY"": "&_xlfn.TEXTAFTER(_xlpm.v,"x")&"}"))),_xlpm.vfc,_xlfn.GROUPBY(TRANSPOSE(_xlpm.crop),TRANSPOSE(_xlpm.vf),_xlfn.LAMBDA(_xlpm.v,_xlfn.TEXTJOIN(", ",TRUE,_xlpm.v)),0,0),_xlpm.vfcc,_xlfn.BYROW(_xlpm.vfc,_xlfn.LAMBDA(_xlpm.r,IF(INDEX(_xlpm.r,1,2)="","","{""Crop"": """&INDEX(_xlpm.r,1,1)&""", ""Subs"": {"&INDEX(_xlpm.r,1,2)&"}}"))),_xlpm.vs,_xlfn.SORTBY(_xlpm.vfcc,MATCH(INDEX(_xlpm.vfc,0,1),_xlpm.crop,0)),"""CropSubSampling"": ["&_xlfn.TEXTJOIN(", ",TRUE,_xlpm.vs)&"]")} -> "CropSubSampling": [{"Crop": "FX", "Subs": {"Size L": {"ResX": 6048, "ResY": 4024}, "Size M": {"ResX": 4528, "ResY": 3016}, "Size S": {"ResX": 3024, "ResY": 2016}}}, {"Crop": "DX", "Subs": {"Size L": {"ResX": 3936, "ResY": 2624}, "Size M": {"ResX": 2944, "ResY": 1968}, "Size S": {"ResX": 1968, "ResY": 1312}}}, {"Crop": "1:1", "Subs": {"Size L": {"ResX": 4016, "ResY": 4016}, "Size M": {"ResX": 3008, "ResY": 3008}, "Size S": {"ResX": 2000, "ResY": 2000}}}, {"Crop": "16:9", "Subs": {"Size L": {"ResX": 6048, "ResY": 3400}, "Size M": {"ResX": 4528, "ResY": 2544}, "Size S": {"ResX": 3024, "ResY": 1696}}}]
A25: D800 | B25: D800 | C25: 2012 | D25: EXPEED 3 | F25: Sony IMX-094-AQP | G25: CMOS | I25: 14 | J25: 7360 | K25: 4912 | L25: 35.9 | M25: 24 | N25: 4.88 | O25: 4.88 | Q25: FX 0, DX 1, 5:4 2, 1.2x 3 | R25: 7360x4912 | S25: 5520x3680 | T25: 3680x2456 | U25: 4800x3200 | V25: 3600x2400 | W25: 2400x1600 | AD25: 6144x4912 | AE25: 4608x3680 | AF25: 3072x2456 | AG25: 6144x4080 | AH25: 4608x3056 | AI25: 3072x2040 | AQ25: =""""&B25&""": {"&"""Name"": "&""""&A25&""", "&"""Year"": "&C25&", "&"""Processor"": "&""""&D25&""", "&"""Sensor"": {"&"""Name"": "&""""&F25&""", "&"""Type"": "&""""&G25&""", "&"""Bayer"": "&""""&H25&""", "&"""BitDepth"": "&""&I25&", "&"""ResX"": "&""&J25&", "&"""ResY"": "&""&K25&", "&"""SizeX"": "&""&SUBSTITUTE(L25,",",".")&", "&"""SizeY"": "&""&SUBSTITUTE(M25,",",".")&", "&"""PixelSizeX"": "&""&SUBSTITUTE(N25,",",".")&", "&"""PixelSizeY"": "&""&SUBSTITUTE(O25,",",".")&"}, "&AR25&"}" -> "D800": {"Name": "D800", "Year": 2012, "Processor": "EXPEED 3", "Sensor": {"Name": "Sony IMX-094-AQP", "Type": "CMOS", "Bayer": "", "BitDepth": 14, "ResX": 7360, "ResY": 4912, "SizeX": 35.9, "SizeY": 24, "PixelSizeX": 4.88, "PixelSizeY": 4.88}, "CropSubSampling": [{"Crop": "FX", "Subs": {"Size L": {"ResX": 7360, "ResY": 4912}, "Size M": {"ResX": 5520, "ResY": 3680}, "Size S": {"ResX": 3680, "ResY": 2456}}}, {"Crop": "DX", "Subs": {"Size L": {"ResX": 4800, "ResY": 3200}, "Size M": {"ResX": 3600, "ResY": 2400}, "Size S": {"ResX": 2400, "ResY": 1600}}}, {"Crop": "5:4", "Subs": {"Size L": {"ResX": 6144, "ResY": 4912}, "Size M": {"ResX": 4608, "ResY": 3680}, "Size S": {"ResX": 3072, "ResY": 2456}}}, {"Crop": "1.2x", "Subs": {"Size L": {"ResX": 6144, "ResY": 4080}, "Size M": {"ResX": 4608, "ResY": 3056}, "Size S": {"ResX": 3072, "ResY": 2040}}}]} | AR25: {=_xlfn.LET(_xlpm.crop,$R$2:$AO$2,_xlpm.size,$R$3:$AO$3,_xlpm.value,R25:AO25,_xlpm.vf,_xlfn.MAP(_xlpm.size,_xlpm.value,_xlfn.LAMBDA(_xlpm.s,_xlpm.v,IF(_xlpm.v="","",""""&_xlpm.s&""": {""ResX"": "&_xlfn.TEXTBEFORE(_xlpm.v,"x")&", ""ResY"": "&_xlfn.TEXTAFTER(_xlpm.v,"x")&"}"))),_xlpm.vfc,_xlfn.GROUPBY(TRANSPOSE(_xlpm.crop),TRANSPOSE(_xlpm.vf),_xlfn.LAMBDA(_xlpm.v,_xlfn.TEXTJOIN(", ",TRUE,_xlpm.v)),0,0),_xlpm.vfcc,_xlfn.BYROW(_xlpm.vfc,_xlfn.LAMBDA(_xlpm.r,IF(INDEX(_xlpm.r,1,2)="","","{""Crop"": """&INDEX(_xlpm.r,1,1)&""", ""Subs"": {"&INDEX(_xlpm.r,1,2)&"}}"))),_xlpm.vs,_xlfn.SORTBY(_xlpm.vfcc,MATCH(INDEX(_xlpm.vfc,0,1),_xlpm.crop,0)),"""CropSubSampling"": ["&_xlfn.TEXTJOIN(", ",TRUE,_xlpm.vs)&"]")} -> "CropSubSampling": [{"Crop": "FX", "Subs": {"Size L": {"ResX": 7360, "ResY": 4912}, "Size M": {"ResX": 5520, "ResY": 3680}, "Size S": {"ResX": 3680, "ResY": 2456}}}, {"Crop": "DX", "Subs": {"Size L": {"ResX": 4800, "ResY": 3200}, "Size M": {"ResX": 3600, "ResY": 2400}, "Size S": {"ResX": 2400, "ResY": 1600}}}, {"Crop": "5:4", "Subs": {"Size L": {"ResX": 6144, "ResY": 4912}, "Size M": {"ResX": 4608, "ResY": 3680}, "Size S": {"ResX": 3072, "ResY": 2456}}}, {"Crop": "1.2x", "Subs": {"Size L": {"ResX": 6144, "ResY": 4080}, "Size M": {"ResX": 4608, "ResY": 3056}, "Size S": {"ResX": 3072, "ResY": 2040}}}]
A26: D800E | B26: D800E | C26: 2012 | D26: EXPEED 3 | F26: Sony IMX-094-AQP | G26: CMOS (Without AA filter) | I26: 14 | J26: 7360 | K26: 4912 | L26: 35.9 | M26: 24 | N26: 4.88 | O26: 4.88 | Q26: FX 0, DX 1, 5:4 2, 1.2x 3 | R26: 7360x4912 | S26: 5520x3680 | T26: 3680x2456 | U26: 4800x3200 | V26: 3600x2400 | W26: 2400x1600 | AD26: 6144x4912 | AE26: 4608x3680 | AF26: 3072x2456 | AG26: 6144x4080 | AH26: 4608x3056 | AI26: 3072x2040 | AQ26: =""""&B26&""": {"&"""Name"": "&""""&A26&""", "&"""Year"": "&C26&", "&"""Processor"": "&""""&D26&""", "&"""Sensor"": {"&"""Name"": "&""""&F26&""", "&"""Type"": "&""""&G26&""", "&"""Bayer"": "&""""&H26&""", "&"""BitDepth"": "&""&I26&", "&"""ResX"": "&""&J26&", "&"""ResY"": "&""&K26&", "&"""SizeX"": "&""&SUBSTITUTE(L26,",",".")&", "&"""SizeY"": "&""&SUBSTITUTE(M26,",",".")&", "&"""PixelSizeX"": "&""&SUBSTITUTE(N26,",",".")&", "&"""PixelSizeY"": "&""&SUBSTITUTE(O26,",",".")&"}, "&AR26&"}" -> "D800E": {"Name": "D800E", "Year": 2012, "Processor": "EXPEED 3", "Sensor": {"Name": "Sony IMX-094-AQP", "Type": "CMOS (Without AA filter)", "Bayer": "", "BitDepth": 14, "ResX": 7360, "ResY": 4912, "SizeX": 35.9, "SizeY": 24, "PixelSizeX": 4.88, "PixelSizeY": 4.88}, "CropSubSampling": [{"Crop": "FX", "Subs": {"Size L": {"ResX": 7360, "ResY": 4912}, "Size M": {"ResX": 5520, "ResY": 3680}, "Size S": {"ResX": 3680, "ResY": 2456}}}, {"Crop": "DX", "Subs": {"Size L": {"ResX": 4800, "ResY": 3200}, "Size M": {"ResX": 3600, "ResY": 2400}, "Size S": {"ResX": 2400, "ResY": 1600}}}, {"Crop": "5:4", "Subs": {"Size L": {"ResX": 6144, "ResY": 4912}, "Size M": {"ResX": 4608, "ResY": 3680}, "Size S": {"ResX": 3072, "ResY": 2456}}}, {"Crop": "1.2x", "Subs": {"Size L": {"ResX": 6144, "ResY": 4080}, "Size M": {"ResX": 4608, "ResY": 3056}, "Size S": {"ResX": 3072, "ResY": 2040}}}]} | AR26: {=_xlfn.LET(_xlpm.crop,$R$2:$AO$2,_xlpm.size,$R$3:$AO$3,_xlpm.value,R26:AO26,_xlpm.vf,_xlfn.MAP(_xlpm.size,_xlpm.value,_xlfn.LAMBDA(_xlpm.s,_xlpm.v,IF(_xlpm.v="","",""""&_xlpm.s&""": {""ResX"": "&_xlfn.TEXTBEFORE(_xlpm.v,"x")&", ""ResY"": "&_xlfn.TEXTAFTER(_xlpm.v,"x")&"}"))),_xlpm.vfc,_xlfn.GROUPBY(TRANSPOSE(_xlpm.crop),TRANSPOSE(_xlpm.vf),_xlfn.LAMBDA(_xlpm.v,_xlfn.TEXTJOIN(", ",TRUE,_xlpm.v)),0,0),_xlpm.vfcc,_xlfn.BYROW(_xlpm.vfc,_xlfn.LAMBDA(_xlpm.r,IF(INDEX(_xlpm.r,1,2)="","","{""Crop"": """&INDEX(_xlpm.r,1,1)&""", ""Subs"": {"&INDEX(_xlpm.r,1,2)&"}}"))),_xlpm.vs,_xlfn.SORTBY(_xlpm.vfcc,MATCH(INDEX(_xlpm.vfc,0,1),_xlpm.crop,0)),"""CropSubSampling"": ["&_xlfn.TEXTJOIN(", ",TRUE,_xlpm.vs)&"]")} -> "CropSubSampling": [{"Crop": "FX", "Subs": {"Size L": {"ResX": 7360, "ResY": 4912}, "Size M": {"ResX": 5520, "ResY": 3680}, "Size S": {"ResX": 3680, "ResY": 2456}}}, {"Crop": "DX", "Subs": {"Size L": {"ResX": 4800, "ResY": 3200}, "Size M": {"ResX": 3600, "ResY": 2400}, "Size S": {"ResX": 2400, "ResY": 1600}}}, {"Crop": "5:4", "Subs": {"Size L": {"ResX": 6144, "ResY": 4912}, "Size M": {"ResX": 4608, "ResY": 3680}, "Size S": {"ResX": 3072, "ResY": 2456}}}, {"Crop": "1.2x", "Subs": {"Size L": {"ResX": 6144, "ResY": 4080}, "Size M": {"ResX": 4608, "ResY": 3056}, "Size S": {"ResX": 3072, "ResY": 2040}}}]
A27: D810 | B27: D810 | C27: 2014 | D27: EXPEED 4 | F27: Sony IMX-094-AQP | G27: CMOS (Without AA filter) | I27: 14 | J27: 7360 | K27: 4912 | L27: 35.9 | M27: 24 | N27: 4.88 | O27: 4.88 | Q27: FX 0, DX 1, 5:4 2, 1.2x 3 | R27: 7360x4912 | S27: 5520x3680 | T27: 3680x2456 | U27: 4800x3200 | V27: 3600x2400 | W27: 2400x1600 | AD27: 6144x4912 | AE27: 4608x3680 | AF27: 3072x2456 | AG27: 6144x4080 | AH27: 4608x3056 | AI27: 3072x2040 | AQ27: =""""&B27&""": {"&"""Name"": "&""""&A27&""", "&"""Year"": "&C27&", "&"""Processor"": "&""""&D27&""", "&"""Sensor"": {"&"""Name"": "&""""&F27&""", "&"""Type"": "&""""&G27&""", "&"""Bayer"": "&""""&H27&""", "&"""BitDepth"": "&""&I27&", "&"""ResX"": "&""&J27&", "&"""ResY"": "&""&K27&", "&"""SizeX"": "&""&SUBSTITUTE(L27,",",".")&", "&"""SizeY"": "&""&SUBSTITUTE(M27,",",".")&", "&"""PixelSizeX"": "&""&SUBSTITUTE(N27,",",".")&", "&"""PixelSizeY"": "&""&SUBSTITUTE(O27,",",".")&"}, "&AR27&"}" -> "D810": {"Name": "D810", "Year": 2014, "Processor": "EXPEED 4", "Sensor": {"Name": "Sony IMX-094-AQP", "Type": "CMOS (Without AA filter)", "Bayer": "", "BitDepth": 14, "ResX": 7360, "ResY": 4912, "SizeX": 35.9, "SizeY": 24, "PixelSizeX": 4.88, "PixelSizeY": 4.88}, "CropSubSampling": [{"Crop": "FX", "Subs": {"Size L": {"ResX": 7360, "ResY": 4912}, "Size M": {"ResX": 5520, "ResY": 3680}, "Size S": {"ResX": 3680, "ResY": 2456}}}, {"Crop": "DX", "Subs": {"Size L": {"ResX": 4800, "ResY": 3200}, "Size M": {"ResX": 3600, "ResY": 2400}, "Size S": {"ResX": 2400, "ResY": 1600}}}, {"Crop": "5:4", "Subs": {"Size L": {"ResX": 6144, "ResY": 4912}, "Size M": {"ResX": 4608, "ResY": 3680}, "Size S": {"ResX": 3072, "ResY": 2456}}}, {"Crop": "1.2x", "Subs": {"Size L": {"ResX": 6144, "ResY": 4080}, "Size M": {"ResX": 4608, "ResY": 3056}, "Size S": {"ResX": 3072, "ResY": 2040}}}]} | AR27: {=_xlfn.LET(_xlpm.crop,$R$2:$AO$2,_xlpm.size,$R$3:$AO$3,_xlpm.value,R27:AO27,_xlpm.vf,_xlfn.MAP(_xlpm.size,_xlpm.value,_xlfn.LAMBDA(_xlpm.s,_xlpm.v,IF(_xlpm.v="","",""""&_xlpm.s&""": {""ResX"": "&_xlfn.TEXTBEFORE(_xlpm.v,"x")&", ""ResY"": "&_xlfn.TEXTAFTER(_xlpm.v,"x")&"}"))),_xlpm.vfc,_xlfn.GROUPBY(TRANSPOSE(_xlpm.crop),TRANSPOSE(_xlpm.vf),_xlfn.LAMBDA(_xlpm.v,_xlfn.TEXTJOIN(", ",TRUE,_xlpm.v)),0,0),_xlpm.vfcc,_xlfn.BYROW(_xlpm.vfc,_xlfn.LAMBDA(_xlpm.r,IF(INDEX(_xlpm.r,1,2)="","","{""Crop"": """&INDEX(_xlpm.r,1,1)&""", ""Subs"": {"&INDEX(_xlpm.r,1,2)&"}}"))),_xlpm.vs,_xlfn.SORTBY(_xlpm.vfcc,MATCH(INDEX(_xlpm.vfc,0,1),_xlpm.crop,0)),"""CropSubSampling"": ["&_xlfn.TEXTJOIN(", ",TRUE,_xlpm.vs)&"]")} -> "CropSubSampling": [{"Crop": "FX", "Subs": {"Size L": {"ResX": 7360, "ResY": 4912}, "Size M": {"ResX": 5520, "ResY": 3680}, "Size S": {"ResX": 3680, "ResY": 2456}}}, {"Crop": "DX", "Subs": {"Size L": {"ResX": 4800, "ResY": 3200}, "Size M": {"ResX": 3600, "ResY": 2400}, "Size S": {"ResX": 2400, "ResY": 1600}}}, {"Crop": "5:4", "Subs": {"Size L": {"ResX": 6144, "ResY": 4912}, "Size M": {"ResX": 4608, "ResY": 3680}, "Size S": {"ResX": 3072, "ResY": 2456}}}, {"Crop": "1.2x", "Subs": {"Size L": {"ResX": 6144, "ResY": 4080}, "Size M": {"ResX": 4608, "ResY": 3056}, "Size S": {"ResX": 3072, "ResY": 2040}}}]
A28: D810A | B28: D810A | C28: 2015 | D28: EXPEED 4 | F28: Sony IMX-094-AQP | G28: CMOS (Without AA filter) | I28: 14 | J28: 7360 | K28: 4912 | L28: 35.9 | M28: 24 | N28: 4.88 | O28: 4.88 | Q28: FX 0, DX 1, 5:4 2, 1.2x 3 | R28: 7360x4912 | S28: 5520x3680 | T28: 3680x2456 | U28: 4800x3200 | V28: 3600x2400 | W28: 2400x1600 | AD28: 6144x4912 | AE28: 4608x3680 | AF28: 3072x2456 | AG28: 6144x4080 | AH28: 4608x3056 | AI28: 3072x2040 | AQ28: =""""&B28&""": {"&"""Name"": "&""""&A28&""", "&"""Year"": "&C28&", "&"""Processor"": "&""""&D28&""", "&"""Sensor"": {"&"""Name"": "&""""&F28&""", "&"""Type"": "&""""&G28&""", "&"""Bayer"": "&""""&H28&""", "&"""BitDepth"": "&""&I28&", "&"""ResX"": "&""&J28&", "&"""ResY"": "&""&K28&", "&"""SizeX"": "&""&SUBSTITUTE(L28,",",".")&", "&"""SizeY"": "&""&SUBSTITUTE(M28,",",".")&", "&"""PixelSizeX"": "&""&SUBSTITUTE(N28,",",".")&", "&"""PixelSizeY"": "&""&SUBSTITUTE(O28,",",".")&"}, "&AR28&"}" -> "D810A": {"Name": "D810A", "Year": 2015, "Processor": "EXPEED 4", "Sensor": {"Name": "Sony IMX-094-AQP", "Type": "CMOS (Without AA filter)", "Bayer": "", "BitDepth": 14, "ResX": 7360, "ResY": 4912, "SizeX": 35.9, "SizeY": 24, "PixelSizeX": 4.88, "PixelSizeY": 4.88}, "CropSubSampling": [{"Crop": "FX", "Subs": {"Size L": {"ResX": 7360, "ResY": 4912}, "Size M": {"ResX": 5520, "ResY": 3680}, "Size S": {"ResX": 3680, "ResY": 2456}}}, {"Crop": "DX", "Subs": {"Size L": {"ResX": 4800, "ResY": 3200}, "Size M": {"ResX": 3600, "ResY": 2400}, "Size S": {"ResX": 2400, "ResY": 1600}}}, {"Crop": "5:4", "Subs": {"Size L": {"ResX": 6144, "ResY": 4912}, "Size M": {"ResX": 4608, "ResY": 3680}, "Size S": {"ResX": 3072, "ResY": 2456}}}, {"Crop": "1.2x", "Subs": {"Size L": {"ResX": 6144, "ResY": 4080}, "Size M": {"ResX": 4608, "ResY": 3056}, "Size S": {"ResX": 3072, "ResY": 2040}}}]} | AR28: {=_xlfn.LET(_xlpm.crop,$R$2:$AO$2,_xlpm.size,$R$3:$AO$3,_xlpm.value,R28:AO28,_xlpm.vf,_xlfn.MAP(_xlpm.size,_xlpm.value,_xlfn.LAMBDA(_xlpm.s,_xlpm.v,IF(_xlpm.v="","",""""&_xlpm.s&""": {""ResX"": "&_xlfn.TEXTBEFORE(_xlpm.v,"x")&", ""ResY"": "&_xlfn.TEXTAFTER(_xlpm.v,"x")&"}"))),_xlpm.vfc,_xlfn.GROUPBY(TRANSPOSE(_xlpm.crop),TRANSPOSE(_xlpm.vf),_xlfn.LAMBDA(_xlpm.v,_xlfn.TEXTJOIN(", ",TRUE,_xlpm.v)),0,0),_xlpm.vfcc,_xlfn.BYROW(_xlpm.vfc,_xlfn.LAMBDA(_xlpm.r,IF(INDEX(_xlpm.r,1,2)="","","{""Crop"": """&INDEX(_xlpm.r,1,1)&""", ""Subs"": {"&INDEX(_xlpm.r,1,2)&"}}"))),_xlpm.vs,_xlfn.SORTBY(_xlpm.vfcc,MATCH(INDEX(_xlpm.vfc,0,1),_xlpm.crop,0)),"""CropSubSampling"": ["&_xlfn.TEXTJOIN(", ",TRUE,_xlpm.vs)&"]")} -> "CropSubSampling": [{"Crop": "FX", "Subs": {"Size L": {"ResX": 7360, "ResY": 4912}, "Size M": {"ResX": 5520, "ResY": 3680}, "Size S": {"ResX": 3680, "ResY": 2456}}}, {"Crop": "DX", "Subs": {"Size L": {"ResX": 4800, "ResY": 3200}, "Size M": {"ResX": 3600, "ResY": 2400}, "Size S": {"ResX": 2400, "ResY": 1600}}}, {"Crop": "5:4", "Subs": {"Size L": {"ResX": 6144, "ResY": 4912}, "Size M": {"ResX": 4608, "ResY": 3680}, "Size S": {"ResX": 3072, "ResY": 2456}}}, {"Crop": "1.2x", "Subs": {"Size L": {"ResX": 6144, "ResY": 4080}, "Size M": {"ResX": 4608, "ResY": 3056}, "Size S": {"ResX": 3072, "ResY": 2040}}}]
A29: D850 | B29: D850 | C29: 2017 | D29: EXPEED 5 | F29: Sony IMX-309-AQJ | G29: BSI-CMOS (without AA filter) | I29: 14 | J29: 8256 | K29: 5504 | L29: 35.9 | M29: 23.9 | N29: 4.35 | O29: 4.35 | Q29: FX 0, DX 1, 5:4 2, 1.2x 3, 1:1 4 | R29: 8256x5504 | S29: 6192x4128 | T29: 4128x2752 | U29: 5408x3600 | V29: 4048x2696 | W29: 2704x1800 | AD29: 6880x5504 | AE29: 5152x4120 | AF29: 3440x2752 | AG29: 6880x4584 | AH29: 5152x3432 | AI29: 3440x2288 | AJ29: 5504x5504 | AK29: 4128x4128 | AL29: 2752x2752 | AQ29: =""""&B29&""": {"&"""Name"": "&""""&A29&""", "&"""Year"": "&C29&", "&"""Processor"": "&""""&D29&""", "&"""Sensor"": {"&"""Name"": "&""""&F29&""", "&"""Type"": "&""""&G29&""", "&"""Bayer"": "&""""&H29&""", "&"""BitDepth"": "&""&I29&", "&"""ResX"": "&""&J29&", "&"""ResY"": "&""&K29&", "&"""SizeX"": "&""&SUBSTITUTE(L29,",",".")&", "&"""SizeY"": "&""&SUBSTITUTE(M29,",",".")&", "&"""PixelSizeX"": "&""&SUBSTITUTE(N29,",",".")&", "&"""PixelSizeY"": "&""&SUBSTITUTE(O29,",",".")&"}, "&AR29&"}" -> "D850": {"Name": "D850", "Year": 2017, "Processor": "EXPEED 5", "Sensor": {"Name": "Sony IMX-309-AQJ", "Type": "BSI-CMOS (without AA filter)", "Bayer": "", "BitDepth": 14, "ResX": 8256, "ResY": 5504, "SizeX": 35.9, "SizeY": 23.9, "PixelSizeX": 4.35, "PixelSizeY": 4.35}, "CropSubSampling": [{"Crop": "FX", "Subs": {"Size L": {"ResX": 8256, "ResY": 5504}, "Size M": {"ResX": 6192, "ResY": 4128}, "Size S": {"ResX": 4128, "ResY": 2752}}}, {"Crop": "DX", "Subs": {"Size L": {"ResX": 5408, "ResY": 3600}, "Size M": {"ResX": 4048, "ResY": 2696}, "Size S": {"ResX": 2704, "ResY": 1800}}}, {"Crop": "5:4", "Subs": {"Size L": {"ResX": 6880, "ResY": 5504}, "Size M": {"ResX": 5152, "ResY": 4120}, "Size S": {"ResX": 3440, "ResY": 2752}}}, {"Crop": "1.2x", "Subs": {"Size L": {"ResX": 6880, "ResY": 4584}, "Size M": {"ResX": 5152, "ResY": 3432}, "Size S": {"ResX": 3440, "ResY": 2288}}}, {"Crop": "1:1", "Subs": {"Size L": {"ResX": 5504, "ResY": 5504}, "Size M": {"ResX": 4128, "ResY": 4128}, "Size S": {"ResX": 2752, "ResY": 2752}}}]} | AR29: {=_xlfn.LET(_xlpm.crop,$R$2:$AO$2,_xlpm.size,$R$3:$AO$3,_xlpm.value,R29:AO29,_xlpm.vf,_xlfn.MAP(_xlpm.size,_xlpm.value,_xlfn.LAMBDA(_xlpm.s,_xlpm.v,IF(_xlpm.v="","",""""&_xlpm.s&""": {""ResX"": "&_xlfn.TEXTBEFORE(_xlpm.v,"x")&", ""ResY"": "&_xlfn.TEXTAFTER(_xlpm.v,"x")&"}"))),_xlpm.vfc,_xlfn.GROUPBY(TRANSPOSE(_xlpm.crop),TRANSPOSE(_xlpm.vf),_xlfn.LAMBDA(_xlpm.v,_xlfn.TEXTJOIN(", ",TRUE,_xlpm.v)),0,0),_xlpm.vfcc,_xlfn.BYROW(_xlpm.vfc,_xlfn.LAMBDA(_xlpm.r,IF(INDEX(_xlpm.r,1,2)="","","{""Crop"": """&INDEX(_xlpm.r,1,1)&""", ""Subs"": {"&INDEX(_xlpm.r,1,2)&"}}"))),_xlpm.vs,_xlfn.SORTBY(_xlpm.vfcc,MATCH(INDEX(_xlpm.vfc,0,1),_xlpm.crop,0)),"""CropSubSampling"": ["&_xlfn.TEXTJOIN(", ",TRUE,_xlpm.vs)&"]")} -> "CropSubSampling": [{"Crop": "FX", "Subs": {"Size L": {"ResX": 8256, "ResY": 5504}, "Size M": {"ResX": 6192, "ResY": 4128}, "Size S": {"ResX": 4128, "ResY": 2752}}}, {"Crop": "DX", "Subs": {"Size L": {"ResX": 5408, "ResY": 3600}, "Size M": {"ResX": 4048, "ResY": 2696}, "Size S": {"ResX": 2704, "ResY": 1800}}}, {"Crop": "5:4", "Subs": {"Size L": {"ResX": 6880, "ResY": 5504}, "Size M": {"ResX": 5152, "ResY": 4120}, "Size S": {"ResX": 3440, "ResY": 2752}}}, {"Crop": "1.2x", "Subs": {"Size L": {"ResX": 6880, "ResY": 4584}, "Size M": {"ResX": 5152, "ResY": 3432}, "Size S": {"ResX": 3440, "ResY": 2288}}}, {"Crop": "1:1", "Subs": {"Size L": {"ResX": 5504, "ResY": 5504}, "Size M": {"ResX": 4128, "ResY": 4128}, "Size S": {"ResX": 2752, "ResY": 2752}}}]
A30: D3000 | B30: D3000 | C30: 2009 | D30: EXPEED | F30: Sony ICX-493-AQA | G30: CCD | I30: 12 | J30: 3872 | K30: 2592 | L30: 23.9 | M30: 15.8 | N30: 6.11 | O30: 6.11 | U30: 3872x2592 | V30: 2896x1944 | W30: 1936x1296 | AQ30: =""""&B30&""": {"&"""Name"": "&""""&A30&""", "&"""Year"": "&C30&", "&"""Processor"": "&""""&D30&""", "&"""Sensor"": {"&"""Name"": "&""""&F30&""", "&"""Type"": "&""""&G29&""", "&"""Bayer"": "&""""&H30&""", "&"""BitDepth"": "&""&I30&", "&"""ResX"": "&""&J30&", "&"""ResY"": "&""&K30&", "&"""SizeX"": "&""&SUBSTITUTE(L30,",",".")&", "&"""SizeY"": "&""&SUBSTITUTE(M30,",",".")&", "&"""PixelSizeX"": "&""&SUBSTITUTE(N30,",",".")&", "&"""PixelSizeY"": "&""&SUBSTITUTE(O30,",",".")&"}, "&AR30&"}" -> "D3000": {"Name": "D3000", "Year": 2009, "Processor": "EXPEED", "Sensor": {"Name": "Sony ICX-493-AQA", "Type": "BSI-CMOS (without AA filter)", "Bayer": "", "BitDepth": 12, "ResX": 3872, "ResY": 2592, "SizeX": 23.9, "SizeY": 15.8, "PixelSizeX": 6.11, "PixelSizeY": 6.11}, }
A31: D3100 | B31: D3100 | C31: 2010 | D31: EXPEED 2 | F31: Nikon NC81362A | G31: CMOS | I31: 12 | J31: 4608 | K31: 3072 | L31: 23.1 | M31: 15.4 | N31: 5.01 | O31: 5.01 | U31: 4608x3072 | V31: 3456x2304 | W31: 2304x1536 | AQ31: =""""&B31&""": {"&"""Name"": "&""""&A31&""", "&"""Year"": "&C31&", "&"""Processor"": "&""""&D31&""", "&"""Sensor"": {"&"""Name"": "&""""&F31&""", "&"""Type"": "&""""&G30&""", "&"""Bayer"": "&""""&H31&""", "&"""BitDepth"": "&""&I31&", "&"""ResX"": "&""&J31&", "&"""ResY"": "&""&K31&", "&"""SizeX"": "&""&SUBSTITUTE(L31,",",".")&", "&"""SizeY"": "&""&SUBSTITUTE(M31,",",".")&", "&"""PixelSizeX"": "&""&SUBSTITUTE(N31,",",".")&", "&"""PixelSizeY"": "&""&SUBSTITUTE(O31,",",".")&"}, "&AR31&"}" -> "D3100": {"Name": "D3100", "Year": 2010, "Processor": "EXPEED 2", "Sensor": {"Name": "Nikon NC81362A", "Type": "CCD", "Bayer": "", "BitDepth": 12, "ResX": 4608, "ResY": 3072, "SizeX": 23.1, "SizeY": 15.4, "PixelSizeX": 5.01, "PixelSizeY": 5.01}, }
A32: D3200 | B32: D3200 | C32: 2012 | D32: EXPEED 3 | F32: Nikon NC81369R | G32: CMOS | I32: 12 | J32: 6016 | K32: 4000 | L32: 23.2 | M32: 15.4 | N32: 3.85 | O32: 3.85 | U32: 6016x4000 | V32: 4512x3000 | W32: 3008x2000 | AQ32: =""""&B32&""": {"&"""Name"": "&""""&A32&""", "&"""Year"": "&C32&", "&"""Processor"": "&""""&D32&""", "&"""Sensor"": {"&"""Name"": "&""""&F32&""", "&"""Type"": "&""""&G31&""", "&"""Bayer"": "&""""&H32&""", "&"""BitDepth"": "&""&I32&", "&"""ResX"": "&""&J32&", "&"""ResY"": "&""&K32&", "&"""SizeX"": "&""&SUBSTITUTE(L32,",",".")&", "&"""SizeY"": "&""&SUBSTITUTE(M32,",",".")&", "&"""PixelSizeX"": "&""&SUBSTITUTE(N32,",",".")&", "&"""PixelSizeY"": "&""&SUBSTITUTE(O32,",",".")&"}, "&AR32&"}" -> "D3200": {"Name": "D3200", "Year": 2012, "Processor": "EXPEED 3", "Sensor": {"Name": "Nikon NC81369R", "Type": "CMOS", "Bayer": "", "BitDepth": 12, "ResX": 6016, "ResY": 4000, "SizeX": 23.2, "SizeY": 15.4, "PixelSizeX": 3.85, "PixelSizeY": 3.85}, }
A33: D3300 | B33: D3300 | C33: 2014 | D33: EXPEED 4 | F33: Sony IMX-193-AQK | G33: CMOS (Without AA filter) | I33: 12 | J33: 6000 | K33: 4000 | L33: 23.5 | M33: 15.6 | N33: 3.91 | O33: 3.91 | U33: 6000x4000 | V33: 4496x3000 | W33: 2992x2000 | AQ33: =""""&B33&""": {"&"""Name"": "&""""&A33&""", "&"""Year"": "&C33&", "&"""Processor"": "&""""&D33&""", "&"""Sensor"": {"&"""Name"": "&""""&F33&""", "&"""Type"": "&""""&G32&""", "&"""Bayer"": "&""""&H33&""", "&"""BitDepth"": "&""&I33&", "&"""ResX"": "&""&J33&", "&"""ResY"": "&""&K33&", "&"""SizeX"": "&""&SUBSTITUTE(L33,",",".")&", "&"""SizeY"": "&""&SUBSTITUTE(M33,",",".")&", "&"""PixelSizeX"": "&""&SUBSTITUTE(N33,",",".")&", "&"""PixelSizeY"": "&""&SUBSTITUTE(O33,",",".")&"}, "&AR33&"}" -> "D3300": {"Name": "D3300", "Year": 2014, "Processor": "EXPEED 4", "Sensor": {"Name": "Sony IMX-193-AQK", "Type": "CMOS", "Bayer": "", "BitDepth": 12, "ResX": 6000, "ResY": 4000, "SizeX": 23.5, "SizeY": 15.6, "PixelSizeX": 3.91, "PixelSizeY": 3.91}, }
A34: D3400 | B34: D3400 | C34: 2016 | D34: EXPEED 4 | F34: Sony IMX-193-AQK | G34: CMOS (Without AA filter) | I34: 12 | J34: 6000 | K34: 4000 | L34: 23.5 | M34: 15.6 | N34: 3.91 | O34: 3.91 | U34: 6000x4000 | V34: 4496x3000 | W34: 2992x2000 | AQ34: =""""&B34&""": {"&"""Name"": "&""""&A34&""", "&"""Year"": "&C34&", "&"""Processor"": "&""""&D34&""", "&"""Sensor"": {"&"""Name"": "&""""&F34&""", "&"""Type"": "&""""&G33&""", "&"""Bayer"": "&""""&H34&""", "&"""BitDepth"": "&""&I34&", "&"""ResX"": "&""&J34&", "&"""ResY"": "&""&K34&", "&"""SizeX"": "&""&SUBSTITUTE(L34,",",".")&", "&"""SizeY"": "&""&SUBSTITUTE(M34,",",".")&", "&"""PixelSizeX"": "&""&SUBSTITUTE(N34,",",".")&", "&"""PixelSizeY"": "&""&SUBSTITUTE(O34,",",".")&"}, "&AR34&"}" -> "D3400": {"Name": "D3400", "Year": 2016, "Processor": "EXPEED 4", "Sensor": {"Name": "Sony IMX-193-AQK", "Type": "CMOS (Without AA filter)", "Bayer": "", "BitDepth": 12, "ResX": 6000, "ResY": 4000, "SizeX": 23.5, "SizeY": 15.6, "PixelSizeX": 3.91, "PixelSizeY": 3.91}, }
A35: D3500 | B35: D3500 | C35: 2018 | D35: EXPEED 4 | F35: Sony IMX-193-AQK | G35: CMOS (Without AA filter) | I35: 12 | J35: 6000 | K35: 4000 | L35: 23.5 | M35: 15.6 | N35: 3.91 | O35: 3.91 | U35: 6000x4000 | V35: 4496x3000 | W35: 2992x2000 | AQ35: =""""&B35&""": {"&"""Name"": "&""""&A35&""", "&"""Year"": "&C35&", "&"""Processor"": "&""""&D35&""", "&"""Sensor"": {"&"""Name"": "&""""&F35&""", "&"""Type"": "&""""&G34&""", "&"""Bayer"": "&""""&H35&""", "&"""BitDepth"": "&""&I35&", "&"""ResX"": "&""&J35&", "&"""ResY"": "&""&K35&", "&"""SizeX"": "&""&SUBSTITUTE(L35,",",".")&", "&"""SizeY"": "&""&SUBSTITUTE(M35,",",".")&", "&"""PixelSizeX"": "&""&SUBSTITUTE(N35,",",".")&", "&"""PixelSizeY"": "&""&SUBSTITUTE(O35,",",".")&"}, "&AR35&"}" -> "D3500": {"Name": "D3500", "Year": 2018, "Processor": "EXPEED 4", "Sensor": {"Name": "Sony IMX-193-AQK", "Type": "CMOS (Without AA filter)", "Bayer": "", "BitDepth": 12, "ResX": 6000, "ResY": 4000, "SizeX": 23.5, "SizeY": 15.6, "PixelSizeX": 3.91, "PixelSizeY": 3.91}, }
A36: D5000 | B36: D5000 | C36: 2009 | D36: EXPEED | F36: Sony IMX-038-BQL | G36: CMOS | I36: 12 | J36: 4288 | K36: 2848 | L36: 23.6 | M36: 15.8 | N36: 5.53 | O36: 5.53 | U36: 4288x2848 | V36: 3216x2136 | W36: 2144x1424 | AQ36: =""""&B36&""": {"&"""Name"": "&""""&A36&""", "&"""Year"": "&C36&", "&"""Processor"": "&""""&D36&""", "&"""Sensor"": {"&"""Name"": "&""""&F36&""", "&"""Type"": "&""""&G36&""", "&"""Bayer"": "&""""&H36&""", "&"""BitDepth"": "&""&I36&", "&"""ResX"": "&""&J36&", "&"""ResY"": "&""&K36&", "&"""SizeX"": "&""&SUBSTITUTE(L36,",",".")&", "&"""SizeY"": "&""&SUBSTITUTE(M36,",",".")&", "&"""PixelSizeX"": "&""&SUBSTITUTE(N36,",",".")&", "&"""PixelSizeY"": "&""&SUBSTITUTE(O36,",",".")&"}, "&AR36&"}" -> "D5000": {"Name": "D5000", "Year": 2009, "Processor": "EXPEED", "Sensor": {"Name": "Sony IMX-038-BQL", "Type": "CMOS", "Bayer": "", "BitDepth": 12, "ResX": 4288, "ResY": 2848, "SizeX": 23.6, "SizeY": 15.8, "PixelSizeX": 5.53, "PixelSizeY": 5.53}, "CropSubSampling": [{"Crop": "DX", "Subs": {"Size L": {"ResX": 4288, "ResY": 2848}, "Size M": {"ResX": 3216, "ResY": 2136}, "Size S": {"ResX": 2144, "ResY": 1424}}}]} | AR36: {=_xlfn.LET(_xlpm.crop,$R$2:$AO$2,_xlpm.size,$R$3:$AO$3,_xlpm.value,R36:AO36,_xlpm.vf,_xlfn.MAP(_xlpm.size,_xlpm.value,_xlfn.LAMBDA(_xlpm.s,_xlpm.v,IF(_xlpm.v="","",""""&_xlpm.s&""": {""ResX"": "&_xlfn.TEXTBEFORE(_xlpm.v,"x")&", ""ResY"": "&_xlfn.TEXTAFTER(_xlpm.v,"x")&"}"))),_xlpm.vfc,_xlfn.GROUPBY(TRANSPOSE(_xlpm.crop),TRANSPOSE(_xlpm.vf),_xlfn.LAMBDA(_xlpm.v,_xlfn.TEXTJOIN(", ",TRUE,_xlpm.v)),0,0),_xlpm.vfcc,_xlfn.BYROW(_xlpm.vfc,_xlfn.LAMBDA(_xlpm.r,IF(INDEX(_xlpm.r,1,2)="","","{""Crop"": """&INDEX(_xlpm.r,1,1)&""", ""Subs"": {"&INDEX(_xlpm.r,1,2)&"}}"))),_xlpm.vs,_xlfn.SORTBY(_xlpm.vfcc,MATCH(INDEX(_xlpm.vfc,0,1),_xlpm.crop,0)),"""CropSubSampling"": ["&_xlfn.TEXTJOIN(", ",TRUE,_xlpm.vs)&"]")} -> "CropSubSampling": [{"Crop": "DX", "Subs": {"Size L": {"ResX": 4288, "ResY": 2848}, "Size M": {"ResX": 3216, "ResY": 2136}, "Size S": {"ResX": 2144, "ResY": 1424}}}]
A37: D5100 | B37: D5100 | C37: 2011 | D37: EXPEED 2 | F37: Sony IMX071 | G37: CMOS | I37: 14 | J37: 4928 | K37: 3264 | L37: 23.6 | M37: 15.6 | N37: 4.78 | O37: 4.78 | U37: 4928x3264 | V37: 3696x2448 | W37: 2464x1632 | AQ37: =""""&B37&""": {"&"""Name"": "&""""&A37&""", "&"""Year"": "&C37&", "&"""Processor"": "&""""&D37&""", "&"""Sensor"": {"&"""Name"": "&""""&F37&""", "&"""Type"": "&""""&G37&""", "&"""Bayer"": "&""""&H37&""", "&"""BitDepth"": "&""&I37&", "&"""ResX"": "&""&J37&", "&"""ResY"": "&""&K37&", "&"""SizeX"": "&""&SUBSTITUTE(L37,",",".")&", "&"""SizeY"": "&""&SUBSTITUTE(M37,",",".")&", "&"""PixelSizeX"": "&""&SUBSTITUTE(N37,",",".")&", "&"""PixelSizeY"": "&""&SUBSTITUTE(O37,",",".")&"}, "&AR37&"}" -> "D5100": {"Name": "D5100", "Year": 2011, "Processor": "EXPEED 2", "Sensor": {"Name": "Sony IMX071", "Type": "CMOS", "Bayer": "", "BitDepth": 14, "ResX": 4928, "ResY": 3264, "SizeX": 23.6, "SizeY": 15.6, "PixelSizeX": 4.78, "PixelSizeY": 4.78}, "CropSubSampling": [{"Crop": "DX", "Subs": {"Size L": {"ResX": 4928, "ResY": 3264}, "Size M": {"ResX": 3696, "ResY": 2448}, "Size S": {"ResX": 2464, "ResY": 1632}}}]} | AR37: {=_xlfn.LET(_xlpm.crop,$R$2:$AO$2,_xlpm.size,$R$3:$AO$3,_xlpm.value,R37:AO37,_xlpm.vf,_xlfn.MAP(_xlpm.size,_xlpm.value,_xlfn.LAMBDA(_xlpm.s,_xlpm.v,IF(_xlpm.v="","",""""&_xlpm.s&""": {""ResX"": "&_xlfn.TEXTBEFORE(_xlpm.v,"x")&", ""ResY"": "&_xlfn.TEXTAFTER(_xlpm.v,"x")&"}"))),_xlpm.vfc,_xlfn.GROUPBY(TRANSPOSE(_xlpm.crop),TRANSPOSE(_xlpm.vf),_xlfn.LAMBDA(_xlpm.v,_xlfn.TEXTJOIN(", ",TRUE,_xlpm.v)),0,0),_xlpm.vfcc,_xlfn.BYROW(_xlpm.vfc,_xlfn.LAMBDA(_xlpm.r,IF(INDEX(_xlpm.r,1,2)="","","{""Crop"": """&INDEX(_xlpm.r,1,1)&""", ""Subs"": {"&INDEX(_xlpm.r,1,2)&"}}"))),_xlpm.vs,_xlfn.SORTBY(_xlpm.vfcc,MATCH(INDEX(_xlpm.vfc,0,1),_xlpm.crop,0)),"""CropSubSampling"": ["&_xlfn.TEXTJOIN(", ",TRUE,_xlpm.vs)&"]")} -> "CropSubSampling": [{"Crop": "DX", "Subs": {"Size L": {"ResX": 4928, "ResY": 3264}, "Size M": {"ResX": 3696, "ResY": 2448}, "Size S": {"ResX": 2464, "ResY": 1632}}}]
A38: D5200 | B38: D5200 | C38: 2012 | D38: EXPEED 3 | F38: Toshiba HEZ1 TOS-5105 | G38: CMOS | I38: 14 | J38: 6000 | K38: 4000 | L38: 23.5 | M38: 15.6 | N38: 3.91 | O38: 3.91 | U38: 6000x4000 | V38: 4496x3000 | W38: 2992x2000 | AQ38: =""""&B38&""": {"&"""Name"": "&""""&A38&""", "&"""Year"": "&C38&", "&"""Processor"": "&""""&D38&""", "&"""Sensor"": {"&"""Name"": "&""""&F38&""", "&"""Type"": "&""""&G38&""", "&"""Bayer"": "&""""&H38&""", "&"""BitDepth"": "&""&I38&", "&"""ResX"": "&""&J38&", "&"""ResY"": "&""&K38&", "&"""SizeX"": "&""&SUBSTITUTE(L38,",",".")&", "&"""SizeY"": "&""&SUBSTITUTE(M38,",",".")&", "&"""PixelSizeX"": "&""&SUBSTITUTE(N38,",",".")&", "&"""PixelSizeY"": "&""&SUBSTITUTE(O38,",",".")&"}, "&AR38&"}" -> "D5200": {"Name": "D5200", "Year": 2012, "Processor": "EXPEED 3", "Sensor": {"Name": "Toshiba HEZ1 TOS-5105", "Type": "CMOS", "Bayer": "", "BitDepth": 14, "ResX": 6000, "ResY": 4000, "SizeX": 23.5, "SizeY": 15.6, "PixelSizeX": 3.91, "PixelSizeY": 3.91}, "CropSubSampling": [{"Crop": "DX", "Subs": {"Size L": {"ResX": 6000, "ResY": 4000}, "Size M": {"ResX": 4496, "ResY": 3000}, "Size S": {"ResX": 2992, "ResY": 2000}}}]} | AR38: {=_xlfn.LET(_xlpm.crop,$R$2:$AO$2,_xlpm.size,$R$3:$AO$3,_xlpm.value,R38:AO38,_xlpm.vf,_xlfn.MAP(_xlpm.size,_xlpm.value,_xlfn.LAMBDA(_xlpm.s,_xlpm.v,IF(_xlpm.v="","",""""&_xlpm.s&""": {""ResX"": "&_xlfn.TEXTBEFORE(_xlpm.v,"x")&", ""ResY"": "&_xlfn.TEXTAFTER(_xlpm.v,"x")&"}"))),_xlpm.vfc,_xlfn.GROUPBY(TRANSPOSE(_xlpm.crop),TRANSPOSE(_xlpm.vf),_xlfn.LAMBDA(_xlpm.v,_xlfn.TEXTJOIN(", ",TRUE,_xlpm.v)),0,0),_xlpm.vfcc,_xlfn.BYROW(_xlpm.vfc,_xlfn.LAMBDA(_xlpm.r,IF(INDEX(_xlpm.r,1,2)="","","{""Crop"": """&INDEX(_xlpm.r,1,1)&""", ""Subs"": {"&INDEX(_xlpm.r,1,2)&"}}"))),_xlpm.vs,_xlfn.SORTBY(_xlpm.vfcc,MATCH(INDEX(_xlpm.vfc,0,1),_xlpm.crop,0)),"""CropSubSampling"": ["&_xlfn.TEXTJOIN(", ",TRUE,_xlpm.vs)&"]")} -> "CropSubSampling": [{"Crop": "DX", "Subs": {"Size L": {"ResX": 6000, "ResY": 4000}, "Size M": {"ResX": 4496, "ResY": 3000}, "Size S": {"ResX": 2992, "ResY": 2000}}}]
A39: D5300 | B39: D5300 | C39: 2013 | D39: EXPEED 4 | F39: Sony IMX-193-AQK | G39: CMOS (Without AA filter) | I39: 14 | J39: 6000 | K39: 4000 | L39: 23.5 | M39: 15.6 | N39: 3.91 | O39: 3.91 | U39: 6000x4000 | V39: 4496x3000 | W39: 2992x2000 | AQ39: =""""&B39&""": {"&"""Name"": "&""""&A39&""", "&"""Year"": "&C39&", "&"""Processor"": "&""""&D39&""", "&"""Sensor"": {"&"""Name"": "&""""&F39&""", "&"""Type"": "&""""&G39&""", "&"""Bayer"": "&""""&H39&""", "&"""BitDepth"": "&""&I39&", "&"""ResX"": "&""&J39&", "&"""ResY"": "&""&K39&", "&"""SizeX"": "&""&SUBSTITUTE(L39,",",".")&", "&"""SizeY"": "&""&SUBSTITUTE(M39,",",".")&", "&"""PixelSizeX"": "&""&SUBSTITUTE(N39,",",".")&", "&"""PixelSizeY"": "&""&SUBSTITUTE(O39,",",".")&"}, "&AR39&"}" -> "D5300": {"Name": "D5300", "Year": 2013, "Processor": "EXPEED 4", "Sensor": {"Name": "Sony IMX-193-AQK", "Type": "CMOS (Without AA filter)", "Bayer": "", "BitDepth": 14, "ResX": 6000, "ResY": 4000, "SizeX": 23.5, "SizeY": 15.6, "PixelSizeX": 3.91, "PixelSizeY": 3.91}, "CropSubSampling": [{"Crop": "DX", "Subs": {"Size L": {"ResX": 6000, "ResY": 4000}, "Size M": {"ResX": 4496, "ResY": 3000}, "Size S": {"ResX": 2992, "ResY": 2000}}}]} | AR39: {=_xlfn.LET(_xlpm.crop,$R$2:$AO$2,_xlpm.size,$R$3:$AO$3,_xlpm.value,R39:AO39,_xlpm.vf,_xlfn.MAP(_xlpm.size,_xlpm.value,_xlfn.LAMBDA(_xlpm.s,_xlpm.v,IF(_xlpm.v="","",""""&_xlpm.s&""": {""ResX"": "&_xlfn.TEXTBEFORE(_xlpm.v,"x")&", ""ResY"": "&_xlfn.TEXTAFTER(_xlpm.v,"x")&"}"))),_xlpm.vfc,_xlfn.GROUPBY(TRANSPOSE(_xlpm.crop),TRANSPOSE(_xlpm.vf),_xlfn.LAMBDA(_xlpm.v,_xlfn.TEXTJOIN(", ",TRUE,_xlpm.v)),0,0),_xlpm.vfcc,_xlfn.BYROW(_xlpm.vfc,_xlfn.LAMBDA(_xlpm.r,IF(INDEX(_xlpm.r,1,2)="","","{""Crop"": """&INDEX(_xlpm.r,1,1)&""", ""Subs"": {"&INDEX(_xlpm.r,1,2)&"}}"))),_xlpm.vs,_xlfn.SORTBY(_xlpm.vfcc,MATCH(INDEX(_xlpm.vfc,0,1),_xlpm.crop,0)),"""CropSubSampling"": ["&_xlfn.TEXTJOIN(", ",TRUE,_xlpm.vs)&"]")} -> "CropSubSampling": [{"Crop": "DX", "Subs": {"Size L": {"ResX": 6000, "ResY": 4000}, "Size M": {"ResX": 4496, "ResY": 3000}, "Size S": {"ResX": 2992, "ResY": 2000}}}]
A40: D5500 | B40: D5500 | C40: 2015 | D40: EXPEED 4 | F40: Sony IMX-193-AQK | G40: CMOS (Without AA filter) | I40: 14 | J40: 6000 | K40: 4000 | L40: 23.5 | M40: 15.6 | N40: 3.91 | O40: 3.91 | U40: 6000x4000 | V40: 4496x3000 | W40: 2992x2000 | AQ40: =""""&B40&""": {"&"""Name"": "&""""&A40&""", "&"""Year"": "&C40&", "&"""Processor"": "&""""&D40&""", "&"""Sensor"": {"&"""Name"": "&""""&F40&""", "&"""Type"": "&""""&G40&""", "&"""Bayer"": "&""""&H40&""", "&"""BitDepth"": "&""&I40&", "&"""ResX"": "&""&J40&", "&"""ResY"": "&""&K40&", "&"""SizeX"": "&""&SUBSTITUTE(L40,",",".")&", "&"""SizeY"": "&""&SUBSTITUTE(M40,",",".")&", "&"""PixelSizeX"": "&""&SUBSTITUTE(N40,",",".")&", "&"""PixelSizeY"": "&""&SUBSTITUTE(O40,",",".")&"}, "&AR40&"}" -> "D5500": {"Name": "D5500", "Year": 2015, "Processor": "EXPEED 4", "Sensor": {"Name": "Sony IMX-193-AQK", "Type": "CMOS (Without AA filter)", "Bayer": "", "BitDepth": 14, "ResX": 6000, "ResY": 4000, "SizeX": 23.5, "SizeY": 15.6, "PixelSizeX": 3.91, "PixelSizeY": 3.91}, "CropSubSampling": [{"Crop": "DX", "Subs": {"Size L": {"ResX": 6000, "ResY": 4000}, "Size M": {"ResX": 4496, "ResY": 3000}, "Size S": {"ResX": 2992, "ResY": 2000}}}]} | AR40: {=_xlfn.LET(_xlpm.crop,$R$2:$AO$2,_xlpm.size,$R$3:$AO$3,_xlpm.value,R40:AO40,_xlpm.vf,_xlfn.MAP(_xlpm.size,_xlpm.value,_xlfn.LAMBDA(_xlpm.s,_xlpm.v,IF(_xlpm.v="","",""""&_xlpm.s&""": {""ResX"": "&_xlfn.TEXTBEFORE(_xlpm.v,"x")&", ""ResY"": "&_xlfn.TEXTAFTER(_xlpm.v,"x")&"}"))),_xlpm.vfc,_xlfn.GROUPBY(TRANSPOSE(_xlpm.crop),TRANSPOSE(_xlpm.vf),_xlfn.LAMBDA(_xlpm.v,_xlfn.TEXTJOIN(", ",TRUE,_xlpm.v)),0,0),_xlpm.vfcc,_xlfn.BYROW(_xlpm.vfc,_xlfn.LAMBDA(_xlpm.r,IF(INDEX(_xlpm.r,1,2)="","","{""Crop"": """&INDEX(_xlpm.r,1,1)&""", ""Subs"": {"&INDEX(_xlpm.r,1,2)&"}}"))),_xlpm.vs,_xlfn.SORTBY(_xlpm.vfcc,MATCH(INDEX(_xlpm.vfc,0,1),_xlpm.crop,0)),"""CropSubSampling"": ["&_xlfn.TEXTJOIN(", ",TRUE,_xlpm.vs)&"]")} -> "CropSubSampling": [{"Crop": "DX", "Subs": {"Size L": {"ResX": 6000, "ResY": 4000}, "Size M": {"ResX": 4496, "ResY": 3000}, "Size S": {"ResX": 2992, "ResY": 2000}}}]
A41: D5600 | B41: D5600 | C41: 2016 | D41: EXPEED 4 | F41: Sony IMX-193-AQK | G41: CMOS (Without AA filter) | I41: 14 | J41: 6000 | K41: 4000 | L41: 23.5 | M41: 15.6 | N41: 3.91 | O41: 3.91 | U41: 6000x4000 | V41: 4496x3000 | W41: 2992x2000 | AQ41: =""""&B41&""": {"&"""Name"": "&""""&A41&""", "&"""Year"": "&C41&", "&"""Processor"": "&""""&D41&""", "&"""Sensor"": {"&"""Name"": "&""""&F41&""", "&"""Type"": "&""""&G41&""", "&"""Bayer"": "&""""&H41&""", "&"""BitDepth"": "&""&I41&", "&"""ResX"": "&""&J41&", "&"""ResY"": "&""&K41&", "&"""SizeX"": "&""&SUBSTITUTE(L41,",",".")&", "&"""SizeY"": "&""&SUBSTITUTE(M41,",",".")&", "&"""PixelSizeX"": "&""&SUBSTITUTE(N41,",",".")&", "&"""PixelSizeY"": "&""&SUBSTITUTE(O41,",",".")&"}, "&AR41&"}" -> "D5600": {"Name": "D5600", "Year": 2016, "Processor": "EXPEED 4", "Sensor": {"Name": "Sony IMX-193-AQK", "Type": "CMOS (Without AA filter)", "Bayer": "", "BitDepth": 14, "ResX": 6000, "ResY": 4000, "SizeX": 23.5, "SizeY": 15.6, "PixelSizeX": 3.91, "PixelSizeY": 3.91}, "CropSubSampling": [{"Crop": "DX", "Subs": {"Size L": {"ResX": 6000, "ResY": 4000}, "Size M": {"ResX": 4496, "ResY": 3000}, "Size S": {"ResX": 2992, "ResY": 2000}}}]} | AR41: {=_xlfn.LET(_xlpm.crop,$R$2:$AO$2,_xlpm.size,$R$3:$AO$3,_xlpm.value,R41:AO41,_xlpm.vf,_xlfn.MAP(_xlpm.size,_xlpm.value,_xlfn.LAMBDA(_xlpm.s,_xlpm.v,IF(_xlpm.v="","",""""&_xlpm.s&""": {""ResX"": "&_xlfn.TEXTBEFORE(_xlpm.v,"x")&", ""ResY"": "&_xlfn.TEXTAFTER(_xlpm.v,"x")&"}"))),_xlpm.vfc,_xlfn.GROUPBY(TRANSPOSE(_xlpm.crop),TRANSPOSE(_xlpm.vf),_xlfn.LAMBDA(_xlpm.v,_xlfn.TEXTJOIN(", ",TRUE,_xlpm.v)),0,0),_xlpm.vfcc,_xlfn.BYROW(_xlpm.vfc,_xlfn.LAMBDA(_xlpm.r,IF(INDEX(_xlpm.r,1,2)="","","{""Crop"": """&INDEX(_xlpm.r,1,1)&""", ""Subs"": {"&INDEX(_xlpm.r,1,2)&"}}"))),_xlpm.vs,_xlfn.SORTBY(_xlpm.vfcc,MATCH(INDEX(_xlpm.vfc,0,1),_xlpm.crop,0)),"""CropSubSampling"": ["&_xlfn.TEXTJOIN(", ",TRUE,_xlpm.vs)&"]")} -> "CropSubSampling": [{"Crop": "DX", "Subs": {"Size L": {"ResX": 6000, "ResY": 4000}, "Size M": {"ResX": 4496, "ResY": 3000}, "Size S": {"ResX": 2992, "ResY": 2000}}}]
A42: D7000 | B42: D7000 | C42: 2010 | D42: EXPEED 2 | F42: Sony IMX071 | G42: CMOS | I42: 14 | J42: 4928 | K42: 3264 | L42: 23.6 | M42: 15.6 | N42: 4.78 | O42: 4.78 | U42: 4928x3264 | V42: 3696x2448 | W42: 2464x1632 | AQ42: =""""&B42&""": {"&"""Name"": "&""""&A42&""", "&"""Year"": "&C42&", "&"""Processor"": "&""""&D42&""", "&"""Sensor"": {"&"""Name"": "&""""&F42&""", "&"""Type"": "&""""&G42&""", "&"""Bayer"": "&""""&H42&""", "&"""BitDepth"": "&""&I42&", "&"""ResX"": "&""&J42&", "&"""ResY"": "&""&K42&", "&"""SizeX"": "&""&SUBSTITUTE(L42,",",".")&", "&"""SizeY"": "&""&SUBSTITUTE(M42,",",".")&", "&"""PixelSizeX"": "&""&SUBSTITUTE(N42,",",".")&", "&"""PixelSizeY"": "&""&SUBSTITUTE(O42,",",".")&"}, "&AR42&"}" -> "D7000": {"Name": "D7000", "Year": 2010, "Processor": "EXPEED 2", "Sensor": {"Name": "Sony IMX071", "Type": "CMOS", "Bayer": "", "BitDepth": 14, "ResX": 4928, "ResY": 3264, "SizeX": 23.6, "SizeY": 15.6, "PixelSizeX": 4.78, "PixelSizeY": 4.78}, "CropSubSampling": [{"Crop": "DX", "Subs": {"Size L": {"ResX": 4928, "ResY": 3264}, "Size M": {"ResX": 3696, "ResY": 2448}, "Size S": {"ResX": 2464, "ResY": 1632}}}]} | AR42: {=_xlfn.LET(_xlpm.crop,$R$2:$AO$2,_xlpm.size,$R$3:$AO$3,_xlpm.value,R42:AO42,_xlpm.vf,_xlfn.MAP(_xlpm.size,_xlpm.value,_xlfn.LAMBDA(_xlpm.s,_xlpm.v,IF(_xlpm.v="","",""""&_xlpm.s&""": {""ResX"": "&_xlfn.TEXTBEFORE(_xlpm.v,"x")&", ""ResY"": "&_xlfn.TEXTAFTER(_xlpm.v,"x")&"}"))),_xlpm.vfc,_xlfn.GROUPBY(TRANSPOSE(_xlpm.crop),TRANSPOSE(_xlpm.vf),_xlfn.LAMBDA(_xlpm.v,_xlfn.TEXTJOIN(", ",TRUE,_xlpm.v)),0,0),_xlpm.vfcc,_xlfn.BYROW(_xlpm.vfc,_xlfn.LAMBDA(_xlpm.r,IF(INDEX(_xlpm.r,1,2)="","","{""Crop"": """&INDEX(_xlpm.r,1,1)&""", ""Subs"": {"&INDEX(_xlpm.r,1,2)&"}}"))),_xlpm.vs,_xlfn.SORTBY(_xlpm.vfcc,MATCH(INDEX(_xlpm.vfc,0,1),_xlpm.crop,0)),"""CropSubSampling"": ["&_xlfn.TEXTJOIN(", ",TRUE,_xlpm.vs)&"]")} -> "CropSubSampling": [{"Crop": "DX", "Subs": {"Size L": {"ResX": 4928, "ResY": 3264}, "Size M": {"ResX": 3696, "ResY": 2448}, "Size S": {"ResX": 2464, "ResY": 1632}}}]
A43: D7100 | B43: D7100 | C43: 2013 | D43: EXPEED 3 | F43: Toshiba HEZ1 TOS-5105 | G43: CMOS (Without AA filter) | I43: 14 | J43: 6000 | K43: 4000 | L43: 23.5 | M43: 15.6 | N43: 3.91 | O43: 3.91 | Q43: DX 0, 1.3x 1 | U43: 6000x4000 | V43: 4496x3000 | W43: 2992x2000 | AA43: 4800x3200 | AB43: 3600x2400 | AC43: 2400x1600 | AQ43: =""""&B43&""": {"&"""Name"": "&""""&A43&""", "&"""Year"": "&C43&", "&"""Processor"": "&""""&D43&""", "&"""Sensor"": {"&"""Name"": "&""""&F43&""", "&"""Type"": "&""""&G43&""", "&"""Bayer"": "&""""&H43&""", "&"""BitDepth"": "&""&I43&", "&"""ResX"": "&""&J43&", "&"""ResY"": "&""&K43&", "&"""SizeX"": "&""&SUBSTITUTE(L43,",",".")&", "&"""SizeY"": "&""&SUBSTITUTE(M43,",",".")&", "&"""PixelSizeX"": "&""&SUBSTITUTE(N43,",",".")&", "&"""PixelSizeY"": "&""&SUBSTITUTE(O43,",",".")&"}, "&AR43&"}" -> "D7100": {"Name": "D7100", "Year": 2013, "Processor": "EXPEED 3", "Sensor": {"Name": "Toshiba HEZ1 TOS-5105", "Type": "CMOS (Without AA filter)", "Bayer": "", "BitDepth": 14, "ResX": 6000, "ResY": 4000, "SizeX": 23.5, "SizeY": 15.6, "PixelSizeX": 3.91, "PixelSizeY": 3.91}, "CropSubSampling": [{"Crop": "DX", "Subs": {"Size L": {"ResX": 6000, "ResY": 4000}, "Size M": {"ResX": 4496, "ResY": 3000}, "Size S": {"ResX": 2992, "ResY": 2000}}}, {"Crop": "1.3x", "Subs": {"Size L": {"ResX": 4800, "ResY": 3200}, "Size M": {"ResX": 3600, "ResY": 2400}, "Size S": {"ResX": 2400, "ResY": 1600}}}]} | AR43: {=_xlfn.LET(_xlpm.crop,$R$2:$AO$2,_xlpm.size,$R$3:$AO$3,_xlpm.value,R43:AO43,_xlpm.vf,_xlfn.MAP(_xlpm.size,_xlpm.value,_xlfn.LAMBDA(_xlpm.s,_xlpm.v,IF(_xlpm.v="","",""""&_xlpm.s&""": {""ResX"": "&_xlfn.TEXTBEFORE(_xlpm.v,"x")&", ""ResY"": "&_xlfn.TEXTAFTER(_xlpm.v,"x")&"}"))),_xlpm.vfc,_xlfn.GROUPBY(TRANSPOSE(_xlpm.crop),TRANSPOSE(_xlpm.vf),_xlfn.LAMBDA(_xlpm.v,_xlfn.TEXTJOIN(", ",TRUE,_xlpm.v)),0,0),_xlpm.vfcc,_xlfn.BYROW(_xlpm.vfc,_xlfn.LAMBDA(_xlpm.r,IF(INDEX(_xlpm.r,1,2)="","","{""Crop"": """&INDEX(_xlpm.r,1,1)&""", ""Subs"": {"&INDEX(_xlpm.r,1,2)&"}}"))),_xlpm.vs,_xlfn.SORTBY(_xlpm.vfcc,MATCH(INDEX(_xlpm.vfc,0,1),_xlpm.crop,0)),"""CropSubSampling"": ["&_xlfn.TEXTJOIN(", ",TRUE,_xlpm.vs)&"]")} -> "CropSubSampling": [{"Crop": "DX", "Subs": {"Size L": {"ResX": 6000, "ResY": 4000}, "Size M": {"ResX": 4496, "ResY": 3000}, "Size S": {"ResX": 2992, "ResY": 2000}}}, {"Crop": "1.3x", "Subs": {"Size L": {"ResX": 4800, "ResY": 3200}, "Size M": {"ResX": 3600, "ResY": 2400}, "Size S": {"ResX": 2400, "ResY": 1600}}}]
A44: D7200 | B44: D7200 | C44: 2015 | D44: EXPEED 4 | F44: Sony IMX-193-AQK | G44: CMOS (Without AA filter) | I44: 14 | J44: 6000 | K44: 4000 | L44: 23.5 | M44: 15.6 | N44: 3.91 | O44: 3.91 | Q44: DX 0, 1.3x 1 | U44: 6000x4000 | V44: 4496x3000 | W44: 2992x2000 | AA44: 4800x3200 | AB44: 3600x2400 | AC44: 2400x1600 | AQ44: =""""&B44&""": {"&"""Name"": "&""""&A44&""", "&"""Year"": "&C44&", "&"""Processor"": "&""""&D44&""", "&"""Sensor"": {"&"""Name"": "&""""&F44&""", "&"""Type"": "&""""&G44&""", "&"""Bayer"": "&""""&H44&""", "&"""BitDepth"": "&""&I44&", "&"""ResX"": "&""&J44&", "&"""ResY"": "&""&K44&", "&"""SizeX"": "&""&SUBSTITUTE(L44,",",".")&", "&"""SizeY"": "&""&SUBSTITUTE(M44,",",".")&", "&"""PixelSizeX"": "&""&SUBSTITUTE(N44,",",".")&", "&"""PixelSizeY"": "&""&SUBSTITUTE(O44,",",".")&"}, "&AR44&"}" -> "D7200": {"Name": "D7200", "Year": 2015, "Processor": "EXPEED 4", "Sensor": {"Name": "Sony IMX-193-AQK", "Type": "CMOS (Without AA filter)", "Bayer": "", "BitDepth": 14, "ResX": 6000, "ResY": 4000, "SizeX": 23.5, "SizeY": 15.6, "PixelSizeX": 3.91, "PixelSizeY": 3.91}, "CropSubSampling": [{"Crop": "DX", "Subs": {"Size L": {"ResX": 6000, "ResY": 4000}, "Size M": {"ResX": 4496, "ResY": 3000}, "Size S": {"ResX": 2992, "ResY": 2000}}}, {"Crop": "1.3x", "Subs": {"Size L": {"ResX": 4800, "ResY": 3200}, "Size M": {"ResX": 3600, "ResY": 2400}, "Size S": {"ResX": 2400, "ResY": 1600}}}]} | AR44: {=_xlfn.LET(_xlpm.crop,$R$2:$AO$2,_xlpm.size,$R$3:$AO$3,_xlpm.value,R44:AO44,_xlpm.vf,_xlfn.MAP(_xlpm.size,_xlpm.value,_xlfn.LAMBDA(_xlpm.s,_xlpm.v,IF(_xlpm.v="","",""""&_xlpm.s&""": {""ResX"": "&_xlfn.TEXTBEFORE(_xlpm.v,"x")&", ""ResY"": "&_xlfn.TEXTAFTER(_xlpm.v,"x")&"}"))),_xlpm.vfc,_xlfn.GROUPBY(TRANSPOSE(_xlpm.crop),TRANSPOSE(_xlpm.vf),_xlfn.LAMBDA(_xlpm.v,_xlfn.TEXTJOIN(", ",TRUE,_xlpm.v)),0,0),_xlpm.vfcc,_xlfn.BYROW(_xlpm.vfc,_xlfn.LAMBDA(_xlpm.r,IF(INDEX(_xlpm.r,1,2)="","","{""Crop"": """&INDEX(_xlpm.r,1,1)&""", ""Subs"": {"&INDEX(_xlpm.r,1,2)&"}}"))),_xlpm.vs,_xlfn.SORTBY(_xlpm.vfcc,MATCH(INDEX(_xlpm.vfc,0,1),_xlpm.crop,0)),"""CropSubSampling"": ["&_xlfn.TEXTJOIN(", ",TRUE,_xlpm.vs)&"]")} -> "CropSubSampling": [{"Crop": "DX", "Subs": {"Size L": {"ResX": 6000, "ResY": 4000}, "Size M": {"ResX": 4496, "ResY": 3000}, "Size S": {"ResX": 2992, "ResY": 2000}}}, {"Crop": "1.3x", "Subs": {"Size L": {"ResX": 4800, "ResY": 3200}, "Size M": {"ResX": 3600, "ResY": 2400}, "Size S": {"ResX": 2400, "ResY": 1600}}}]
A45: D7500 | B45: D7500 | C45: 2017 | D45: EXPEED 5 | F45: Sony IMX-321 | G45: CMOS (Without AA filter) | I45: 14 | J45: 5568 | K45: 3712 | L45: 23.5 | M45: 15.7 | N45: 4.22 | O45: 4.22 | Q45: DX 0, 1.3x 1 | U45: 5568x3712 | V45: 4176x2784 | W45: 2784x1856 | AA45: 4272x2848 | AB45: 3200x2136 | AC45: 2128x1424 | AQ45: =""""&B45&""": {"&"""Name"": "&""""&A45&""", "&"""Year"": "&C45&", "&"""Processor"": "&""""&D45&""", "&"""Sensor"": {"&"""Name"": "&""""&F45&""", "&"""Type"": "&""""&G45&""", "&"""Bayer"": "&""""&H45&""", "&"""BitDepth"": "&""&I45&", "&"""ResX"": "&""&J45&", "&"""ResY"": "&""&K45&", "&"""SizeX"": "&""&SUBSTITUTE(L45,",",".")&", "&"""SizeY"": "&""&SUBSTITUTE(M45,",",".")&", "&"""PixelSizeX"": "&""&SUBSTITUTE(N45,",",".")&", "&"""PixelSizeY"": "&""&SUBSTITUTE(O45,",",".")&"}, "&AR45&"}" -> "D7500": {"Name": "D7500", "Year": 2017, "Processor": "EXPEED 5", "Sensor": {"Name": "Sony IMX-321", "Type": "CMOS (Without AA filter)", "Bayer": "", "BitDepth": 14, "ResX": 5568, "ResY": 3712, "SizeX": 23.5, "SizeY": 15.7, "PixelSizeX": 4.22, "PixelSizeY": 4.22}, "CropSubSampling": [{"Crop": "DX", "Subs": {"Size L": {"ResX": 5568, "ResY": 3712}, "Size M": {"ResX": 4176, "ResY": 2784}, "Size S": {"ResX": 2784, "ResY": 1856}}}, {"Crop": "1.3x", "Subs": {"Size L": {"ResX": 4272, "ResY": 2848}, "Size M": {"ResX": 3200, "ResY": 2136}, "Size S": {"ResX": 2128, "ResY": 1424}}}]} | AR45: {=_xlfn.LET(_xlpm.crop,$R$2:$AO$2,_xlpm.size,$R$3:$AO$3,_xlpm.value,R45:AO45,_xlpm.vf,_xlfn.MAP(_xlpm.size,_xlpm.value,_xlfn.LAMBDA(_xlpm.s,_xlpm.v,IF(_xlpm.v="","",""""&_xlpm.s&""": {""ResX"": "&_xlfn.TEXTBEFORE(_xlpm.v,"x")&", ""ResY"": "&_xlfn.TEXTAFTER(_xlpm.v,"x")&"}"))),_xlpm.vfc,_xlfn.GROUPBY(TRANSPOSE(_xlpm.crop),TRANSPOSE(_xlpm.vf),_xlfn.LAMBDA(_xlpm.v,_xlfn.TEXTJOIN(", ",TRUE,_xlpm.v)),0,0),_xlpm.vfcc,_xlfn.BYROW(_xlpm.vfc,_xlfn.LAMBDA(_xlpm.r,IF(INDEX(_xlpm.r,1,2)="","","{""Crop"": """&INDEX(_xlpm.r,1,1)&""", ""Subs"": {"&INDEX(_xlpm.r,1,2)&"}}"))),_xlpm.vs,_xlfn.SORTBY(_xlpm.vfcc,MATCH(INDEX(_xlpm.vfc,0,1),_xlpm.crop,0)),"""CropSubSampling"": ["&_xlfn.TEXTJOIN(", ",TRUE,_xlpm.vs)&"]")} -> "CropSubSampling": [{"Crop": "DX", "Subs": {"Size L": {"ResX": 5568, "ResY": 3712}, "Size M": {"ResX": 4176, "ResY": 2784}, "Size S": {"ResX": 2784, "ResY": 1856}}}, {"Crop": "1.3x", "Subs": {"Size L": {"ResX": 4272, "ResY": 2848}, "Size M": {"ResX": 3200, "ResY": 2136}, "Size S": {"ResX": 2128, "ResY": 1424}}}]
A46: DF | B46: DF | C46: 2013 | D46: EXPEED 3 | F46: Nikon NC81366W | G46: CMOS | I46: 14 | J46: 4928 | K46: 3280 | L46: 36 | M46: 23.9 | N46: 7.29 | O46: 7.29 | Q46: FX 0, DX 1 | R46: 4928x3280 | S46: 3696x2456 | T46: 2464x1640 | U46: 3200x2128 | V46: 2400x1592 | W46: 1600x1064 | AQ46: =""""&B46&""": {"&"""Name"": "&""""&A46&""", "&"""Year"": "&C46&", "&"""Processor"": "&""""&D46&""", "&"""Sensor"": {"&"""Name"": "&""""&F46&""", "&"""Type"": "&""""&G46&""", "&"""Bayer"": "&""""&H46&""", "&"""BitDepth"": "&""&I46&", "&"""ResX"": "&""&J46&", "&"""ResY"": "&""&K46&", "&"""SizeX"": "&""&SUBSTITUTE(L46,",",".")&", "&"""SizeY"": "&""&SUBSTITUTE(M46,",",".")&", "&"""PixelSizeX"": "&""&SUBSTITUTE(N46,",",".")&", "&"""PixelSizeY"": "&""&SUBSTITUTE(O46,",",".")&"}, "&AR46&"}" -> "DF": {"Name": "DF", "Year": 2013, "Processor": "EXPEED 3", "Sensor": {"Name": "Nikon NC81366W", "Type": "CMOS", "Bayer": "", "BitDepth": 14, "ResX": 4928, "ResY": 3280, "SizeX": 36, "SizeY": 23.9, "PixelSizeX": 7.29, "PixelSizeY": 7.29}, "CropSubSampling": [{"Crop": "FX", "Subs": {"Size L": {"ResX": 4928, "ResY": 3280}, "Size M": {"ResX": 3696, "ResY": 2456}, "Size S": {"ResX": 2464, "ResY": 1640}}}, {"Crop": "DX", "Subs": {"Size L": {"ResX": 3200, "ResY": 2128}, "Size M": {"ResX": 2400, "ResY": 1592}, "Size S": {"ResX": 1600, "ResY": 1064}}}]} | AR46: {=_xlfn.LET(_xlpm.crop,$R$2:$AO$2,_xlpm.size,$R$3:$AO$3,_xlpm.value,R46:AO46,_xlpm.vf,_xlfn.MAP(_xlpm.size,_xlpm.value,_xlfn.LAMBDA(_xlpm.s,_xlpm.v,IF(_xlpm.v="","",""""&_xlpm.s&""": {""ResX"": "&_xlfn.TEXTBEFORE(_xlpm.v,"x")&", ""ResY"": "&_xlfn.TEXTAFTER(_xlpm.v,"x")&"}"))),_xlpm.vfc,_xlfn.GROUPBY(TRANSPOSE(_xlpm.crop),TRANSPOSE(_xlpm.vf),_xlfn.LAMBDA(_xlpm.v,_xlfn.TEXTJOIN(", ",TRUE,_xlpm.v)),0,0),_xlpm.vfcc,_xlfn.BYROW(_xlpm.vfc,_xlfn.LAMBDA(_xlpm.r,IF(INDEX(_xlpm.r,1,2)="","","{""Crop"": """&INDEX(_xlpm.r,1,1)&""", ""Subs"": {"&INDEX(_xlpm.r,1,2)&"}}"))),_xlpm.vs,_xlfn.SORTBY(_xlpm.vfcc,MATCH(INDEX(_xlpm.vfc,0,1),_xlpm.crop,0)),"""CropSubSampling"": ["&_xlfn.TEXTJOIN(", ",TRUE,_xlpm.vs)&"]")} -> "CropSubSampling": [{"Crop": "FX", "Subs": {"Size L": {"ResX": 4928, "ResY": 3280}, "Size M": {"ResX": 3696, "ResY": 2456}, "Size S": {"ResX": 2464, "ResY": 1640}}}, {"Crop": "DX", "Subs": {"Size L": {"ResX": 3200, "ResY": 2128}, "Size M": {"ResX": 2400, "ResY": 1592}, "Size S": {"ResX": 1600, "ResY": 1064}}}]
A47: 1V3 | B47: 1V3 | C47: 2014 | D47: EXPEED 4A | G47: CMOS (Without AA filter) | I47: 12 | J47: 5232 | K47: 3488 | L47: 13.2 | M47: 8.8 | N47: 2.52 | O47: 2.52 | X47: 5232x3488 | Y47: 3920x2616 | Z47: 2608x1744 | AQ47: =""""&B47&""": {"&"""Name"": "&""""&A47&""", "&"""Year"": "&C47&", "&"""Processor"": "&""""&D47&""", "&"""Sensor"": {"&"""Name"": "&""""&F47&""", "&"""Type"": "&""""&G47&""", "&"""Bayer"": "&""""&H47&""", "&"""BitDepth"": "&""&I47&", "&"""ResX"": "&""&J47&", "&"""ResY"": "&""&K47&", "&"""SizeX"": "&""&SUBSTITUTE(L47,",",".")&", "&"""SizeY"": "&""&SUBSTITUTE(M47,",",".")&", "&"""PixelSizeX"": "&""&SUBSTITUTE(N47,",",".")&", "&"""PixelSizeY"": "&""&SUBSTITUTE(O47,",",".")&"}, "&AR47&"}" -> "1V3": {"Name": "1V3", "Year": 2014, "Processor": "EXPEED 4A", "Sensor": {"Name": "", "Type": "CMOS (Without AA filter)", "Bayer": "", "BitDepth": 12, "ResX": 5232, "ResY": 3488, "SizeX": 13.2, "SizeY": 8.8, "PixelSizeX": 2.52, "PixelSizeY": 2.52}, "CropSubSampling": [{"Crop": "1inch", "Subs": {"Size L": {"ResX": 5232, "ResY": 3488}, "Size M": {"ResX": 3920, "ResY": 2616}, "Size S": {"ResX": 2608, "ResY": 1744}}}]} | AR47: {=_xlfn.LET(_xlpm.crop,$R$2:$AO$2,_xlpm.size,$R$3:$AO$3,_xlpm.value,R47:AO47,_xlpm.vf,_xlfn.MAP(_xlpm.size,_xlpm.value,_xlfn.LAMBDA(_xlpm.s,_xlpm.v,IF(_xlpm.v="","",""""&_xlpm.s&""": {""ResX"": "&_xlfn.TEXTBEFORE(_xlpm.v,"x")&", ""ResY"": "&_xlfn.TEXTAFTER(_xlpm.v,"x")&"}"))),_xlpm.vfc,_xlfn.GROUPBY(TRANSPOSE(_xlpm.crop),TRANSPOSE(_xlpm.vf),_xlfn.LAMBDA(_xlpm.v,_xlfn.TEXTJOIN(", ",TRUE,_xlpm.v)),0,0),_xlpm.vfcc,_xlfn.BYROW(_xlpm.vfc,_xlfn.LAMBDA(_xlpm.r,IF(INDEX(_xlpm.r,1,2)="","","{""Crop"": """&INDEX(_xlpm.r,1,1)&""", ""Subs"": {"&INDEX(_xlpm.r,1,2)&"}}"))),_xlpm.vs,_xlfn.SORTBY(_xlpm.vfcc,MATCH(INDEX(_xlpm.vfc,0,1),_xlpm.crop,0)),"""CropSubSampling"": ["&_xlfn.TEXTJOIN(", ",TRUE,_xlpm.vs)&"]")} -> "CropSubSampling": [{"Crop": "1inch", "Subs": {"Size L": {"ResX": 5232, "ResY": 3488}, "Size M": {"ResX": 3920, "ResY": 2616}, "Size S": {"ResX": 2608, "ResY": 1744}}}]
A48: Z5 | B48: Z 5 | C48: 2020 | D48: EXPEED 6 | G48: CMOS | I48: 14 | J48: 6016 | K48: 4016 | L48: 35.9 | M48: 23.9 | N48: 5.97 | O48: 5.97 | Q48: FX 0, DX 1, 1:1 2, 16:9 3 | R48: 6016x4016 | S48: 4512x3008 | T48: 3008x2008 | U48: 3936x2624 | V48: 2944x1968 | W48: 1968x1312 | AJ48: 4016x4016 | AK48: 3008x3008 | AL48: 2000x2000 | AM48: 6016x3384 | AN48: 4512x2536 | AO48: 3008x1688 | AQ48: =""""&B48&""": {"&"""Name"": "&""""&A48&""", "&"""Year"": "&C48&", "&"""Processor"": "&""""&D48&""", "&"""Sensor"": {"&"""Name"": "&""""&F48&""", "&"""Type"": "&""""&G48&""", "&"""Bayer"": "&""""&H48&""", "&"""BitDepth"": "&""&I48&", "&"""ResX"": "&""&J48&", "&"""ResY"": "&""&K48&", "&"""SizeX"": "&""&SUBSTITUTE(L48,",",".")&", "&"""SizeY"": "&""&SUBSTITUTE(M48,",",".")&", "&"""PixelSizeX"": "&""&SUBSTITUTE(N48,",",".")&", "&"""PixelSizeY"": "&""&SUBSTITUTE(O48,",",".")&"}, "&AR48&"}" -> "Z 5": {"Name": "Z5", "Year": 2020, "Processor": "EXPEED 6", "Sensor": {"Name": "", "Type": "CMOS", "Bayer": "", "BitDepth": 14, "ResX": 6016, "ResY": 4016, "SizeX": 35.9, "SizeY": 23.9, "PixelSizeX": 5.97, "PixelSizeY": 5.97}, "CropSubSampling": [{"Crop": "FX", "Subs": {"Size L": {"ResX": 6016, "ResY": 4016}, "Size M": {"ResX": 4512, "ResY": 3008}, "Size S": {"ResX": 3008, "ResY": 2008}}}, {"Crop": "DX", "Subs": {"Size L": {"ResX": 3936, "ResY": 2624}, "Size M": {"ResX": 2944, "ResY": 1968}, "Size S": {"ResX": 1968, "ResY": 1312}}}, {"Crop": "1:1", "Subs": {"Size L": {"ResX": 4016, "ResY": 4016}, "Size M": {"ResX": 3008, "ResY": 3008}, "Size S": {"ResX": 2000, "ResY": 2000}}}, {"Crop": "16:9", "Subs": {"Size L": {"ResX": 6016, "ResY": 3384}, "Size M": {"ResX": 4512, "ResY": 2536}, "Size S": {"ResX": 3008, "ResY": 1688}}}]} | AR48: {=_xlfn.LET(_xlpm.crop,$R$2:$AO$2,_xlpm.size,$R$3:$AO$3,_xlpm.value,R48:AO48,_xlpm.vf,_xlfn.MAP(_xlpm.size,_xlpm.value,_xlfn.LAMBDA(_xlpm.s,_xlpm.v,IF(_xlpm.v="","",""""&_xlpm.s&""": {""ResX"": "&_xlfn.TEXTBEFORE(_xlpm.v,"x")&", ""ResY"": "&_xlfn.TEXTAFTER(_xlpm.v,"x")&"}"))),_xlpm.vfc,_xlfn.GROUPBY(TRANSPOSE(_xlpm.crop),TRANSPOSE(_xlpm.vf),_xlfn.LAMBDA(_xlpm.v,_xlfn.TEXTJOIN(", ",TRUE,_xlpm.v)),0,0),_xlpm.vfcc,_xlfn.BYROW(_xlpm.vfc,_xlfn.LAMBDA(_xlpm.r,IF(INDEX(_xlpm.r,1,2)="","","{""Crop"": """&INDEX(_xlpm.r,1,1)&""", ""Subs"": {"&INDEX(_xlpm.r,1,2)&"}}"))),_xlpm.vs,_xlfn.SORTBY(_xlpm.vfcc,MATCH(INDEX(_xlpm.vfc,0,1),_xlpm.crop,0)),"""CropSubSampling"": ["&_xlfn.TEXTJOIN(", ",TRUE,_xlpm.vs)&"]")} -> "CropSubSampling": [{"Crop": "FX", "Subs": {"Size L": {"ResX": 6016, "ResY": 4016}, "Size M": {"ResX": 4512, "ResY": 3008}, "Size S": {"ResX": 3008, "ResY": 2008}}}, {"Crop": "DX", "Subs": {"Size L": {"ResX": 3936, "ResY": 2624}, "Size M": {"ResX": 2944, "ResY": 1968}, "Size S": {"ResX": 1968, "ResY": 1312}}}, {"Crop": "1:1", "Subs": {"Size L": {"ResX": 4016, "ResY": 4016}, "Size M": {"ResX": 3008, "ResY": 3008}, "Size S": {"ResX": 2000, "ResY": 2000}}}, {"Crop": "16:9", "Subs": {"Size L": {"ResX": 6016, "ResY": 3384}, "Size M": {"ResX": 4512, "ResY": 2536}, "Size S": {"ResX": 3008, "ResY": 1688}}}]
A49: Z5II | B49: Z5_2 | C49: 2025 | D49: EXPEED 7 | F49: Sony ? | G49: BSI-CMOS | I49: 14 | J49: 6048 | K49: 4032 | L49: 35.9 | M49: 23.9 | N49: 5.93 | O49: 5.93 | Q49: FX 0, DX 2, 1:1 4, 16:9 5 | R49: 6048x4032 | S49: 4528x3024 | T49: 3024x2016 | U49: 3984x2656 | V49: 2976x1992 | W49: 1984x1328 | AJ49: 4032x4032 | AK49: 3024x3024 | AL49: 2016x2016 | AM49: 6048x3400 | AN49: 4528x2544 | AO49: 3024x1696 | AQ49: =""""&B49&""": {"&"""Name"": "&""""&A49&""", "&"""Year"": "&C49&", "&"""Processor"": "&""""&D49&""", "&"""Sensor"": {"&"""Name"": "&""""&F49&""", "&"""Type"": "&""""&G49&""", "&"""Bayer"": "&""""&H49&""", "&"""BitDepth"": "&""&I49&", "&"""ResX"": "&""&J49&", "&"""ResY"": "&""&K49&", "&"""SizeX"": "&""&SUBSTITUTE(L49,",",".")&", "&"""SizeY"": "&""&SUBSTITUTE(M49,",",".")&", "&"""PixelSizeX"": "&""&SUBSTITUTE(N49,",",".")&", "&"""PixelSizeY"": "&""&SUBSTITUTE(O49,",",".")&"}, "&AR49&"}" -> "Z5_2": {"Name": "Z5II", "Year": 2025, "Processor": "EXPEED 7", "Sensor": {"Name": "Sony ?", "Type": "BSI-CMOS", "Bayer": "", "BitDepth": 14, "ResX": 6048, "ResY": 4032, "SizeX": 35.9, "SizeY": 23.9, "PixelSizeX": 5.93, "PixelSizeY": 5.93}, "CropSubSampling": [{"Crop": "FX", "Subs": {"Size L": {"ResX": 6048, "ResY": 4032}, "Size M": {"ResX": 4528, "ResY": 3024}, "Size S": {"ResX": 3024, "ResY": 2016}}}, {"Crop": "DX", "Subs": {"Size L": {"ResX": 3984, "ResY": 2656}, "Size M": {"ResX": 2976, "ResY": 1992}, "Size S": {"ResX": 1984, "ResY": 1328}}}, {"Crop": "1:1", "Subs": {"Size L": {"ResX": 4032, "ResY": 4032}, "Size M": {"ResX": 3024, "ResY": 3024}, "Size S": {"ResX": 2016, "ResY": 2016}}}, {"Crop": "16:9", "Subs": {"Size L": {"ResX": 6048, "ResY": 3400}, "Size M": {"ResX": 4528, "ResY": 2544}, "Size S": {"ResX": 3024, "ResY": 1696}}}]} | AR49: {=_xlfn.LET(_xlpm.crop,$R$2:$AO$2,_xlpm.size,$R$3:$AO$3,_xlpm.value,R49:AO49,_xlpm.vf,_xlfn.MAP(_xlpm.size,_xlpm.value,_xlfn.LAMBDA(_xlpm.s,_xlpm.v,IF(_xlpm.v="","",""""&_xlpm.s&""": {""ResX"": "&_xlfn.TEXTBEFORE(_xlpm.v,"x")&", ""ResY"": "&_xlfn.TEXTAFTER(_xlpm.v,"x")&"}"))),_xlpm.vfc,_xlfn.GROUPBY(TRANSPOSE(_xlpm.crop),TRANSPOSE(_xlpm.vf),_xlfn.LAMBDA(_xlpm.v,_xlfn.TEXTJOIN(", ",TRUE,_xlpm.v)),0,0),_xlpm.vfcc,_xlfn.BYROW(_xlpm.vfc,_xlfn.LAMBDA(_xlpm.r,IF(INDEX(_xlpm.r,1,2)="","","{""Crop"": """&INDEX(_xlpm.r,1,1)&""", ""Subs"": {"&INDEX(_xlpm.r,1,2)&"}}"))),_xlpm.vs,_xlfn.SORTBY(_xlpm.vfcc,MATCH(INDEX(_xlpm.vfc,0,1),_xlpm.crop,0)),"""CropSubSampling"": ["&_xlfn.TEXTJOIN(", ",TRUE,_xlpm.vs)&"]")} -> "CropSubSampling": [{"Crop": "FX", "Subs": {"Size L": {"ResX": 6048, "ResY": 4032}, "Size M": {"ResX": 4528, "ResY": 3024}, "Size S": {"ResX": 3024, "ResY": 2016}}}, {"Crop": "DX", "Subs": {"Size L": {"ResX": 3984, "ResY": 2656}, "Size M": {"ResX": 2976, "ResY": 1992}, "Size S": {"ResX": 1984, "ResY": 1328}}}, {"Crop": "1:1", "Subs": {"Size L": {"ResX": 4032, "ResY": 4032}, "Size M": {"ResX": 3024, "ResY": 3024}, "Size S": {"ResX": 2016, "ResY": 2016}}}, {"Crop": "16:9", "Subs": {"Size L": {"ResX": 6048, "ResY": 3400}, "Size M": {"ResX": 4528, "ResY": 2544}, "Size S": {"ResX": 3024, "ResY": 1696}}}]
A50: Z6 | B50: Z 6 | C50: 2018 | D50: EXPEED 6 | F50: Sony ? | G50: BSI-CMOS | I50: 14 | J50: 6048 | K50: 4024 | L50: 35.9 | M50: 23.9 | N50: 5.94 | O50: 5.94 | Q50: FX 0, DX 1, 1:1 2, 16:9 3 | R50: 6048x4024 | S50: 4528x3016 | T50: 3024x2016 | U50: 3936x2624 | V50: 2944x1968 | W50: 1968x1312 | AJ50: 4016x4016 | AK50: 3008x3008 | AL50: 2000x2000 | AM50: 6048x3400 | AN50: 4528x2544 | AO50: 3024x1696 | AQ50: =""""&B50&""": {"&"""Name"": "&""""&A50&""", "&"""Year"": "&C50&", "&"""Processor"": "&""""&D50&""", "&"""Sensor"": {"&"""Name"": "&""""&F50&""", "&"""Type"": "&""""&G50&""", "&"""Bayer"": "&""""&H50&""", "&"""BitDepth"": "&""&I50&", "&"""ResX"": "&""&J50&", "&"""ResY"": "&""&K50&", "&"""SizeX"": "&""&SUBSTITUTE(L50,",",".")&", "&"""SizeY"": "&""&SUBSTITUTE(M50,",",".")&", "&"""PixelSizeX"": "&""&SUBSTITUTE(N50,",",".")&", "&"""PixelSizeY"": "&""&SUBSTITUTE(O50,",",".")&"}, "&AR50&"}" -> "Z 6": {"Name": "Z6", "Year": 2018, "Processor": "EXPEED 6", "Sensor": {"Name": "Sony ?", "Type": "BSI-CMOS", "Bayer": "", "BitDepth": 14, "ResX": 6048, "ResY": 4024, "SizeX": 35.9, "SizeY": 23.9, "PixelSizeX": 5.94, "PixelSizeY": 5.94}, "CropSubSampling": [{"Crop": "FX", "Subs": {"Size L": {"ResX": 6048, "ResY": 4024}, "Size M": {"ResX": 4528, "ResY": 3016}, "Size S": {"ResX": 3024, "ResY": 2016}}}, {"Crop": "DX", "Subs": {"Size L": {"ResX": 3936, "ResY": 2624}, "Size M": {"ResX": 2944, "ResY": 1968}, "Size S": {"ResX": 1968, "ResY": 1312}}}, {"Crop": "1:1", "Subs": {"Size L": {"ResX": 4016, "ResY": 4016}, "Size M": {"ResX": 3008, "ResY": 3008}, "Size S": {"ResX": 2000, "ResY": 2000}}}, {"Crop": "16:9", "Subs": {"Size L": {"ResX": 6048, "ResY": 3400}, "Size M": {"ResX": 4528, "ResY": 2544}, "Size S": {"ResX": 3024, "ResY": 1696}}}]} | AR50: {=_xlfn.LET(_xlpm.crop,$R$2:$AO$2,_xlpm.size,$R$3:$AO$3,_xlpm.value,R50:AO50,_xlpm.vf,_xlfn.MAP(_xlpm.size,_xlpm.value,_xlfn.LAMBDA(_xlpm.s,_xlpm.v,IF(_xlpm.v="","",""""&_xlpm.s&""": {""ResX"": "&_xlfn.TEXTBEFORE(_xlpm.v,"x")&", ""ResY"": "&_xlfn.TEXTAFTER(_xlpm.v,"x")&"}"))),_xlpm.vfc,_xlfn.GROUPBY(TRANSPOSE(_xlpm.crop),TRANSPOSE(_xlpm.vf),_xlfn.LAMBDA(_xlpm.v,_xlfn.TEXTJOIN(", ",TRUE,_xlpm.v)),0,0),_xlpm.vfcc,_xlfn.BYROW(_xlpm.vfc,_xlfn.LAMBDA(_xlpm.r,IF(INDEX(_xlpm.r,1,2)="","","{""Crop"": """&INDEX(_xlpm.r,1,1)&""", ""Subs"": {"&INDEX(_xlpm.r,1,2)&"}}"))),_xlpm.vs,_xlfn.SORTBY(_xlpm.vfcc,MATCH(INDEX(_xlpm.vfc,0,1),_xlpm.crop,0)),"""CropSubSampling"": ["&_xlfn.TEXTJOIN(", ",TRUE,_xlpm.vs)&"]")} -> "CropSubSampling": [{"Crop": "FX", "Subs": {"Size L": {"ResX": 6048, "ResY": 4024}, "Size M": {"ResX": 4528, "ResY": 3016}, "Size S": {"ResX": 3024, "ResY": 2016}}}, {"Crop": "DX", "Subs": {"Size L": {"ResX": 3936, "ResY": 2624}, "Size M": {"ResX": 2944, "ResY": 1968}, "Size S": {"ResX": 1968, "ResY": 1312}}}, {"Crop": "1:1", "Subs": {"Size L": {"ResX": 4016, "ResY": 4016}, "Size M": {"ResX": 3008, "ResY": 3008}, "Size S": {"ResX": 2000, "ResY": 2000}}}, {"Crop": "16:9", "Subs": {"Size L": {"ResX": 6048, "ResY": 3400}, "Size M": {"ResX": 4528, "ResY": 2544}, "Size S": {"ResX": 3024, "ResY": 1696}}}]
A51: Z6II | B51: Z 6_2 | C51: 2020 | D51: EXPEED 6 Dual | F51: Sony ? | G51: BSI-CMOS | H51: RGGB | I51: 14 | J51: 6048 | K51: 4024 | L51: 35.9 | M51: 23.9 | N51: 5.94 | O51: 5.94 | Q51: FX 0, DX 2, 1:1 4, 16:9 5 | R51: 6048x4024 | S51: 4528x3016 | T51: 3024x2016 | U51: 3936x2624 | V51: 2944x1968 | W51: 1968x1312 | AJ51: 4016x4016 | AK51: 3008x3008 | AL51: 2000x2000 | AM51: 6048x3400 | AN51: 4528x2544 | AO51: 3024x1696 | AQ51: =""""&B51&""": {"&"""Name"": "&""""&A51&""", "&"""Year"": "&C51&", "&"""Processor"": "&""""&D51&""", "&"""Sensor"": {"&"""Name"": "&""""&F51&""", "&"""Type"": "&""""&G51&""", "&"""Bayer"": "&""""&H51&""", "&"""BitDepth"": "&""&I51&", "&"""ResX"": "&""&J51&", "&"""ResY"": "&""&K51&", "&"""SizeX"": "&""&SUBSTITUTE(L51,",",".")&", "&"""SizeY"": "&""&SUBSTITUTE(M51,",",".")&", "&"""PixelSizeX"": "&""&SUBSTITUTE(N51,",",".")&", "&"""PixelSizeY"": "&""&SUBSTITUTE(O51,",",".")&"}, "&AR51&"}" -> "Z 6_2": {"Name": "Z6II", "Year": 2020, "Processor": "EXPEED 6 Dual", "Sensor": {"Name": "Sony ?", "Type": "BSI-CMOS", "Bayer": "RGGB", "BitDepth": 14, "ResX": 6048, "ResY": 4024, "SizeX": 35.9, "SizeY": 23.9, "PixelSizeX": 5.94, "PixelSizeY": 5.94}, "CropSubSampling": [{"Crop": "FX", "Subs": {"Size L": {"ResX": 6048, "ResY": 4024}, "Size M": {"ResX": 4528, "ResY": 3016}, "Size S": {"ResX": 3024, "ResY": 2016}}}, {"Crop": "DX", "Subs": {"Size L": {"ResX": 3936, "ResY": 2624}, "Size M": {"ResX": 2944, "ResY": 1968}, "Size S": {"ResX": 1968, "ResY": 1312}}}, {"Crop": "1:1", "Subs": {"Size L": {"ResX": 4016, "ResY": 4016}, "Size M": {"ResX": 3008, "ResY": 3008}, "Size S": {"ResX": 2000, "ResY": 2000}}}, {"Crop": "16:9", "Subs": {"Size L": {"ResX": 6048, "ResY": 3400}, "Size M": {"ResX": 4528, "ResY": 2544}, "Size S": {"ResX": 3024, "ResY": 1696}}}]} | AR51: {=_xlfn.LET(_xlpm.crop,$R$2:$AO$2,_xlpm.size,$R$3:$AO$3,_xlpm.value,R51:AO51,_xlpm.vf,_xlfn.MAP(_xlpm.size,_xlpm.value,_xlfn.LAMBDA(_xlpm.s,_xlpm.v,IF(_xlpm.v="","",""""&_xlpm.s&""": {""ResX"": "&_xlfn.TEXTBEFORE(_xlpm.v,"x")&", ""ResY"": "&_xlfn.TEXTAFTER(_xlpm.v,"x")&"}"))),_xlpm.vfc,_xlfn.GROUPBY(TRANSPOSE(_xlpm.crop),TRANSPOSE(_xlpm.vf),_xlfn.LAMBDA(_xlpm.v,_xlfn.TEXTJOIN(", ",TRUE,_xlpm.v)),0,0),_xlpm.vfcc,_xlfn.BYROW(_xlpm.vfc,_xlfn.LAMBDA(_xlpm.r,IF(INDEX(_xlpm.r,1,2)="","","{""Crop"": """&INDEX(_xlpm.r,1,1)&""", ""Subs"": {"&INDEX(_xlpm.r,1,2)&"}}"))),_xlpm.vs,_xlfn.SORTBY(_xlpm.vfcc,MATCH(INDEX(_xlpm.vfc,0,1),_xlpm.crop,0)),"""CropSubSampling"": ["&_xlfn.TEXTJOIN(", ",TRUE,_xlpm.vs)&"]")} -> "CropSubSampling": [{"Crop": "FX", "Subs": {"Size L": {"ResX": 6048, "ResY": 4024}, "Size M": {"ResX": 4528, "ResY": 3016}, "Size S": {"ResX": 3024, "ResY": 2016}}}, {"Crop": "DX", "Subs": {"Size L": {"ResX": 3936, "ResY": 2624}, "Size M": {"ResX": 2944, "ResY": 1968}, "Size S": {"ResX": 1968, "ResY": 1312}}}, {"Crop": "1:1", "Subs": {"Size L": {"ResX": 4016, "ResY": 4016}, "Size M": {"ResX": 3008, "ResY": 3008}, "Size S": {"ResX": 2000, "ResY": 2000}}}, {"Crop": "16:9", "Subs": {"Size L": {"ResX": 6048, "ResY": 3400}, "Size M": {"ResX": 4528, "ResY": 2544}, "Size S": {"ResX": 3024, "ResY": 1696}}}]
A52: Z6III | B52: Z6_3 | C52: 2024 | D52: EXPEED 7 | F52: Sony ? | G52: Partially Stacked BSI-CMOS | I52: 14 | J52: 6048 | K52: 4032 | L52: 35.9 | M52: 23.9 | N52: 5.94 | O52: 5.94 | Q52: FX 0, DX 2, 1:1 4, 16:9 5 | R52: 6048x4032 | S52: 4528x3024 | T52: 3024x2016 | U52: 3984x2656 | V52: 2976x1992 | W52: 1984x1328 | AJ52: 4032x4032 | AK52: 3024x3024 | AL52: 2016x2016 | AM52: 6048x3400 | AN52: 4528x2544 | AO52: 3024x1696 | AQ52: =""""&B52&""": {"&"""Name"": "&""""&A52&""", "&"""Year"": "&C52&", "&"""Processor"": "&""""&D52&""", "&"""Sensor"": {"&"""Name"": "&""""&F52&""", "&"""Type"": "&""""&G52&""", "&"""Bayer"": "&""""&H52&""", "&"""BitDepth"": "&""&I52&", "&"""ResX"": "&""&J52&", "&"""ResY"": "&""&K52&", "&"""SizeX"": "&""&SUBSTITUTE(L52,",",".")&", "&"""SizeY"": "&""&SUBSTITUTE(M52,",",".")&", "&"""PixelSizeX"": "&""&SUBSTITUTE(N52,",",".")&", "&"""PixelSizeY"": "&""&SUBSTITUTE(O52,",",".")&"}, "&AR52&"}" -> "Z6_3": {"Name": "Z6III", "Year": 2024, "Processor": "EXPEED 7", "Sensor": {"Name": "Sony ?", "Type": "Partially Stacked BSI-CMOS", "Bayer": "", "BitDepth": 14, "ResX": 6048, "ResY": 4032, "SizeX": 35.9, "SizeY": 23.9, "PixelSizeX": 5.94, "PixelSizeY": 5.94}, "CropSubSampling": [{"Crop": "FX", "Subs": {"Size L": {"ResX": 6048, "ResY": 4032}, "Size M": {"ResX": 4528, "ResY": 3024}, "Size S": {"ResX": 3024, "ResY": 2016}}}, {"Crop": "DX", "Subs": {"Size L": {"ResX": 3984, "ResY": 2656}, "Size M": {"ResX": 2976, "ResY": 1992}, "Size S": {"ResX": 1984, "ResY": 1328}}}, {"Crop": "1:1", "Subs": {"Size L": {"ResX": 4032, "ResY": 4032}, "Size M": {"ResX": 3024, "ResY": 3024}, "Size S": {"ResX": 2016, "ResY": 2016}}}, {"Crop": "16:9", "Subs": {"Size L": {"ResX": 6048, "ResY": 3400}, "Size M": {"ResX": 4528, "ResY": 2544}, "Size S": {"ResX": 3024, "ResY": 1696}}}]} | AR52: {=_xlfn.LET(_xlpm.crop,$R$2:$AO$2,_xlpm.size,$R$3:$AO$3,_xlpm.value,R52:AO52,_xlpm.vf,_xlfn.MAP(_xlpm.size,_xlpm.value,_xlfn.LAMBDA(_xlpm.s,_xlpm.v,IF(_xlpm.v="","",""""&_xlpm.s&""": {""ResX"": "&_xlfn.TEXTBEFORE(_xlpm.v,"x")&", ""ResY"": "&_xlfn.TEXTAFTER(_xlpm.v,"x")&"}"))),_xlpm.vfc,_xlfn.GROUPBY(TRANSPOSE(_xlpm.crop),TRANSPOSE(_xlpm.vf),_xlfn.LAMBDA(_xlpm.v,_xlfn.TEXTJOIN(", ",TRUE,_xlpm.v)),0,0),_xlpm.vfcc,_xlfn.BYROW(_xlpm.vfc,_xlfn.LAMBDA(_xlpm.r,IF(INDEX(_xlpm.r,1,2)="","","{""Crop"": """&INDEX(_xlpm.r,1,1)&""", ""Subs"": {"&INDEX(_xlpm.r,1,2)&"}}"))),_xlpm.vs,_xlfn.SORTBY(_xlpm.vfcc,MATCH(INDEX(_xlpm.vfc,0,1),_xlpm.crop,0)),"""CropSubSampling"": ["&_xlfn.TEXTJOIN(", ",TRUE,_xlpm.vs)&"]")} -> "CropSubSampling": [{"Crop": "FX", "Subs": {"Size L": {"ResX": 6048, "ResY": 4032}, "Size M": {"ResX": 4528, "ResY": 3024}, "Size S": {"ResX": 3024, "ResY": 2016}}}, {"Crop": "DX", "Subs": {"Size L": {"ResX": 3984, "ResY": 2656}, "Size M": {"ResX": 2976, "ResY": 1992}, "Size S": {"ResX": 1984, "ResY": 1328}}}, {"Crop": "1:1", "Subs": {"Size L": {"ResX": 4032, "ResY": 4032}, "Size M": {"ResX": 3024, "ResY": 3024}, "Size S": {"ResX": 2016, "ResY": 2016}}}, {"Crop": "16:9", "Subs": {"Size L": {"ResX": 6048, "ResY": 3400}, "Size M": {"ResX": 4528, "ResY": 2544}, "Size S": {"ResX": 3024, "ResY": 1696}}}]
A53: Z7 | B53: Z 7 | C53: 2018 | D53: EXPEED 6 | F53: Sony IMX-309-BQJ | G53: BSI-CMOS (without AA filter) | I53: 14 | J53: 8256 | K53: 5504 | L53: 35.9 | M53: 23.9 | N53: 4.35 | O53: 4.35 | Q53: FX 0, DX 1, 5:4 2, 1:1 3, 16:9 4 | R53: 8256x5504 | S53: 6192x4128 | T53: 4128x2752 | U53: 5408x3600 | V53: 4048x2696 | W53: 2704x1800 | AD53: 6880x5504 | AE53: 5152x4120 | AF53: 3440x2752 | AJ53: 5504x5504 | AK53: 4128x4128 | AL53: 2752x2752 | AM53: 8256x4640 | AN53: 6192x3480 | AO53: 4128x2320 | AQ53: =""""&B53&""": {"&"""Name"": "&""""&A53&""", "&"""Year"": "&C53&", "&"""Processor"": "&""""&D53&""", "&"""Sensor"": {"&"""Name"": "&""""&F53&""", "&"""Type"": "&""""&G53&""", "&"""Bayer"": "&""""&H53&""", "&"""BitDepth"": "&""&I53&", "&"""ResX"": "&""&J53&", "&"""ResY"": "&""&K53&", "&"""SizeX"": "&""&SUBSTITUTE(L53,",",".")&", "&"""SizeY"": "&""&SUBSTITUTE(M53,",",".")&", "&"""PixelSizeX"": "&""&SUBSTITUTE(N53,",",".")&", "&"""PixelSizeY"": "&""&SUBSTITUTE(O53,",",".")&"}, "&AR53&"}" -> "Z 7": {"Name": "Z7", "Year": 2018, "Processor": "EXPEED 6", "Sensor": {"Name": "Sony IMX-309-BQJ", "Type": "BSI-CMOS (without AA filter)", "Bayer": "", "BitDepth": 14, "ResX": 8256, "ResY": 5504, "SizeX": 35.9, "SizeY": 23.9, "PixelSizeX": 4.35, "PixelSizeY": 4.35}, "CropSubSampling": [{"Crop": "FX", "Subs": {"Size L": {"ResX": 8256, "ResY": 5504}, "Size M": {"ResX": 6192, "ResY": 4128}, "Size S": {"ResX": 4128, "ResY": 2752}}}, {"Crop": "DX", "Subs": {"Size L": {"ResX": 5408, "ResY": 3600}, "Size M": {"ResX": 4048, "ResY": 2696}, "Size S": {"ResX": 2704, "ResY": 1800}}}, {"Crop": "5:4", "Subs": {"Size L": {"ResX": 6880, "ResY": 5504}, "Size M": {"ResX": 5152, "ResY": 4120}, "Size S": {"ResX": 3440, "ResY": 2752}}}, {"Crop": "1:1", "Subs": {"Size L": {"ResX": 5504, "ResY": 5504}, "Size M": {"ResX": 4128, "ResY": 4128}, "Size S": {"ResX": 2752, "ResY": 2752}}}, {"Crop": "16:9", "Subs": {"Size L": {"ResX": 8256, "ResY": 4640}, "Size M": {"ResX": 6192, "ResY": 3480}, "Size S": {"ResX": 4128, "ResY": 2320}}}]} | AR53: {=_xlfn.LET(_xlpm.crop,$R$2:$AO$2,_xlpm.size,$R$3:$AO$3,_xlpm.value,R53:AO53,_xlpm.vf,_xlfn.MAP(_xlpm.size,_xlpm.value,_xlfn.LAMBDA(_xlpm.s,_xlpm.v,IF(_xlpm.v="","",""""&_xlpm.s&""": {""ResX"": "&_xlfn.TEXTBEFORE(_xlpm.v,"x")&", ""ResY"": "&_xlfn.TEXTAFTER(_xlpm.v,"x")&"}"))),_xlpm.vfc,_xlfn.GROUPBY(TRANSPOSE(_xlpm.crop),TRANSPOSE(_xlpm.vf),_xlfn.LAMBDA(_xlpm.v,_xlfn.TEXTJOIN(", ",TRUE,_xlpm.v)),0,0),_xlpm.vfcc,_xlfn.BYROW(_xlpm.vfc,_xlfn.LAMBDA(_xlpm.r,IF(INDEX(_xlpm.r,1,2)="","","{""Crop"": """&INDEX(_xlpm.r,1,1)&""", ""Subs"": {"&INDEX(_xlpm.r,1,2)&"}}"))),_xlpm.vs,_xlfn.SORTBY(_xlpm.vfcc,MATCH(INDEX(_xlpm.vfc,0,1),_xlpm.crop,0)),"""CropSubSampling"": ["&_xlfn.TEXTJOIN(", ",TRUE,_xlpm.vs)&"]")} -> "CropSubSampling": [{"Crop": "FX", "Subs": {"Size L": {"ResX": 8256, "ResY": 5504}, "Size M": {"ResX": 6192, "ResY": 4128}, "Size S": {"ResX": 4128, "ResY": 2752}}}, {"Crop": "DX", "Subs": {"Size L": {"ResX": 5408, "ResY": 3600}, "Size M": {"ResX": 4048, "ResY": 2696}, "Size S": {"ResX": 2704, "ResY": 1800}}}, {"Crop": "5:4", "Subs": {"Size L": {"ResX": 6880, "ResY": 5504}, "Size M": {"ResX": 5152, "ResY": 4120}, "Size S": {"ResX": 3440, "ResY": 2752}}}, {"Crop": "1:1", "Subs": {"Size L": {"ResX": 5504, "ResY": 5504}, "Size M": {"ResX": 4128, "ResY": 4128}, "Size S": {"ResX": 2752, "ResY": 2752}}}, {"Crop": "16:9", "Subs": {"Size L": {"ResX": 8256, "ResY": 4640}, "Size M": {"ResX": 6192, "ResY": 3480}, "Size S": {"ResX": 4128, "ResY": 2320}}}]
A54: Z7II | B54: Z 7_2 | C54: 2020 | D54: EXPEED 6 Dual | F54: Sony IMX-309-BQJ | G54: BSI-CMOS (without AA filter) | I54: 14 | J54: 8256 | K54: 5504 | L54: 35.9 | M54: 23.9 | N54: 4.35 | O54: 4.35 | Q54: FX 0, DX 2, 5:4 3, 1:1 4, 16:9 5 | R54: 8256x5504 | S54: 6192x4128 | T54: 4128x2752 | U54: 5408x3600 | V54: 4048x2696 | W54: 2704x1800 | AD54: 6880x5504 | AE54: 5152x4120 | AF54: 3440x2752 | AJ54: 5504x5504 | AK54: 4128x4128 | AL54: 2752x2752 | AM54: 8256x4640 | AN54: 6192x3480 | AO54: 4128x2320 | AQ54: =""""&B54&""": {"&"""Name"": "&""""&A54&""", "&"""Year"": "&C54&", "&"""Processor"": "&""""&D54&""", "&"""Sensor"": {"&"""Name"": "&""""&F54&""", "&"""Type"": "&""""&G54&""", "&"""Bayer"": "&""""&H54&""", "&"""BitDepth"": "&""&I54&", "&"""ResX"": "&""&J54&", "&"""ResY"": "&""&K54&", "&"""SizeX"": "&""&SUBSTITUTE(L54,",",".")&", "&"""SizeY"": "&""&SUBSTITUTE(M54,",",".")&", "&"""PixelSizeX"": "&""&SUBSTITUTE(N54,",",".")&", "&"""PixelSizeY"": "&""&SUBSTITUTE(O54,",",".")&"}, "&AR54&"}" -> "Z 7_2": {"Name": "Z7II", "Year": 2020, "Processor": "EXPEED 6 Dual", "Sensor": {"Name": "Sony IMX-309-BQJ", "Type": "BSI-CMOS (without AA filter)", "Bayer": "", "BitDepth": 14, "ResX": 8256, "ResY": 5504, "SizeX": 35.9, "SizeY": 23.9, "PixelSizeX": 4.35, "PixelSizeY": 4.35}, "CropSubSampling": [{"Crop": "FX", "Subs": {"Size L": {"ResX": 8256, "ResY": 5504}, "Size M": {"ResX": 6192, "ResY": 4128}, "Size S": {"ResX": 4128, "ResY": 2752}}}, {"Crop": "DX", "Subs": {"Size L": {"ResX": 5408, "ResY": 3600}, "Size M": {"ResX": 4048, "ResY": 2696}, "Size S": {"ResX": 2704, "ResY": 1800}}}, {"Crop": "5:4", "Subs": {"Size L": {"ResX": 6880, "ResY": 5504}, "Size M": {"ResX": 5152, "ResY": 4120}, "Size S": {"ResX": 3440, "ResY": 2752}}}, {"Crop": "1:1", "Subs": {"Size L": {"ResX": 5504, "ResY": 5504}, "Size M": {"ResX": 4128, "ResY": 4128}, "Size S": {"ResX": 2752, "ResY": 2752}}}, {"Crop": "16:9", "Subs": {"Size L": {"ResX": 8256, "ResY": 4640}, "Size M": {"ResX": 6192, "ResY": 3480}, "Size S": {"ResX": 4128, "ResY": 2320}}}]} | AR54: {=_xlfn.LET(_xlpm.crop,$R$2:$AO$2,_xlpm.size,$R$3:$AO$3,_xlpm.value,R54:AO54,_xlpm.vf,_xlfn.MAP(_xlpm.size,_xlpm.value,_xlfn.LAMBDA(_xlpm.s,_xlpm.v,IF(_xlpm.v="","",""""&_xlpm.s&""": {""ResX"": "&_xlfn.TEXTBEFORE(_xlpm.v,"x")&", ""ResY"": "&_xlfn.TEXTAFTER(_xlpm.v,"x")&"}"))),_xlpm.vfc,_xlfn.GROUPBY(TRANSPOSE(_xlpm.crop),TRANSPOSE(_xlpm.vf),_xlfn.LAMBDA(_xlpm.v,_xlfn.TEXTJOIN(", ",TRUE,_xlpm.v)),0,0),_xlpm.vfcc,_xlfn.BYROW(_xlpm.vfc,_xlfn.LAMBDA(_xlpm.r,IF(INDEX(_xlpm.r,1,2)="","","{""Crop"": """&INDEX(_xlpm.r,1,1)&""", ""Subs"": {"&INDEX(_xlpm.r,1,2)&"}}"))),_xlpm.vs,_xlfn.SORTBY(_xlpm.vfcc,MATCH(INDEX(_xlpm.vfc,0,1),_xlpm.crop,0)),"""CropSubSampling"": ["&_xlfn.TEXTJOIN(", ",TRUE,_xlpm.vs)&"]")} -> "CropSubSampling": [{"Crop": "FX", "Subs": {"Size L": {"ResX": 8256, "ResY": 5504}, "Size M": {"ResX": 6192, "ResY": 4128}, "Size S": {"ResX": 4128, "ResY": 2752}}}, {"Crop": "DX", "Subs": {"Size L": {"ResX": 5408, "ResY": 3600}, "Size M": {"ResX": 4048, "ResY": 2696}, "Size S": {"ResX": 2704, "ResY": 1800}}}, {"Crop": "5:4", "Subs": {"Size L": {"ResX": 6880, "ResY": 5504}, "Size M": {"ResX": 5152, "ResY": 4120}, "Size S": {"ResX": 3440, "ResY": 2752}}}, {"Crop": "1:1", "Subs": {"Size L": {"ResX": 5504, "ResY": 5504}, "Size M": {"ResX": 4128, "ResY": 4128}, "Size S": {"ResX": 2752, "ResY": 2752}}}, {"Crop": "16:9", "Subs": {"Size L": {"ResX": 8256, "ResY": 4640}, "Size M": {"ResX": 6192, "ResY": 3480}, "Size S": {"ResX": 4128, "ResY": 2320}}}]
A55: Z8 | B55: Z 8 | C55: 2023 | D55: EXPEED 7 | F55: Sony ? | G55: Stacked BSI-CMOS (Without AA filter) | I55: 14 | J55: 8256 | K55: 5504 | L55: 35.9 | M55: 23.9 | N55: 4.35 | O55: 4.35 | Q55: FX 0, DX 2, 1:1 4, 16:9 5 | R55: 8256x5504 | S55: 6192x4128 | T55: 4128x2752 | U55: 5392x3592 | V55: 4032x2688 | W55: 2688x1792 | AJ55: 5504x5504 | AK55: 4128x4128 | AL55: 2752x2752 | AM55: 8256x4640 | AN55: 6192x3480 | AO55: 4128x2320 | AQ55: =""""&B55&""": {"&"""Name"": "&""""&A55&""", "&"""Year"": "&C55&", "&"""Processor"": "&""""&D55&""", "&"""Sensor"": {"&"""Name"": "&""""&F55&""", "&"""Type"": "&""""&G55&""", "&"""Bayer"": "&""""&H55&""", "&"""BitDepth"": "&""&I55&", "&"""ResX"": "&""&J55&", "&"""ResY"": "&""&K55&", "&"""SizeX"": "&""&SUBSTITUTE(L55,",",".")&", "&"""SizeY"": "&""&SUBSTITUTE(M55,",",".")&", "&"""PixelSizeX"": "&""&SUBSTITUTE(N55,",",".")&", "&"""PixelSizeY"": "&""&SUBSTITUTE(O55,",",".")&"}, "&AR55&"}" -> "Z 8": {"Name": "Z8", "Year": 2023, "Processor": "EXPEED 7", "Sensor": {"Name": "Sony ?", "Type": "Stacked BSI-CMOS (Without AA filter)", "Bayer": "", "BitDepth": 14, "ResX": 8256, "ResY": 5504, "SizeX": 35.9, "SizeY": 23.9, "PixelSizeX": 4.35, "PixelSizeY": 4.35}, "CropSubSampling": [{"Crop": "FX", "Subs": {"Size L": {"ResX": 8256, "ResY": 5504}, "Size M": {"ResX": 6192, "ResY": 4128}, "Size S": {"ResX": 4128, "ResY": 2752}}}, {"Crop": "DX", "Subs": {"Size L": {"ResX": 5392, "ResY": 3592}, "Size M": {"ResX": 4032, "ResY": 2688}, "Size S": {"ResX": 2688, "ResY": 1792}}}, {"Crop": "1:1", "Subs": {"Size L": {"ResX": 5504, "ResY": 5504}, "Size M": {"ResX": 4128, "ResY": 4128}, "Size S": {"ResX": 2752, "ResY": 2752}}}, {"Crop": "16:9", "Subs": {"Size L": {"ResX": 8256, "ResY": 4640}, "Size M": {"ResX": 6192, "ResY": 3480}, "Size S": {"ResX": 4128, "ResY": 2320}}}]} | AR55: {=_xlfn.LET(_xlpm.crop,$R$2:$AO$2,_xlpm.size,$R$3:$AO$3,_xlpm.value,R55:AO55,_xlpm.vf,_xlfn.MAP(_xlpm.size,_xlpm.value,_xlfn.LAMBDA(_xlpm.s,_xlpm.v,IF(_xlpm.v="","",""""&_xlpm.s&""": {""ResX"": "&_xlfn.TEXTBEFORE(_xlpm.v,"x")&", ""ResY"": "&_xlfn.TEXTAFTER(_xlpm.v,"x")&"}"))),_xlpm.vfc,_xlfn.GROUPBY(TRANSPOSE(_xlpm.crop),TRANSPOSE(_xlpm.vf),_xlfn.LAMBDA(_xlpm.v,_xlfn.TEXTJOIN(", ",TRUE,_xlpm.v)),0,0),_xlpm.vfcc,_xlfn.BYROW(_xlpm.vfc,_xlfn.LAMBDA(_xlpm.r,IF(INDEX(_xlpm.r,1,2)="","","{""Crop"": """&INDEX(_xlpm.r,1,1)&""", ""Subs"": {"&INDEX(_xlpm.r,1,2)&"}}"))),_xlpm.vs,_xlfn.SORTBY(_xlpm.vfcc,MATCH(INDEX(_xlpm.vfc,0,1),_xlpm.crop,0)),"""CropSubSampling"": ["&_xlfn.TEXTJOIN(", ",TRUE,_xlpm.vs)&"]")} -> "CropSubSampling": [{"Crop": "FX", "Subs": {"Size L": {"ResX": 8256, "ResY": 5504}, "Size M": {"ResX": 6192, "ResY": 4128}, "Size S": {"ResX": 4128, "ResY": 2752}}}, {"Crop": "DX", "Subs": {"Size L": {"ResX": 5392, "ResY": 3592}, "Size M": {"ResX": 4032, "ResY": 2688}, "Size S": {"ResX": 2688, "ResY": 1792}}}, {"Crop": "1:1", "Subs": {"Size L": {"ResX": 5504, "ResY": 5504}, "Size M": {"ResX": 4128, "ResY": 4128}, "Size S": {"ResX": 2752, "ResY": 2752}}}, {"Crop": "16:9", "Subs": {"Size L": {"ResX": 8256, "ResY": 4640}, "Size M": {"ResX": 6192, "ResY": 3480}, "Size S": {"ResX": 4128, "ResY": 2320}}}]
A56: Z9 | B56: Z 9 | C56: 2023 | D56: EXPEED 7 | F56: Sony ? | G56: Stacked BSI-CMOS (Without AA filter) | I56: 14 | J56: 8256 | K56: 5504 | L56: 35.9 | M56: 23.9 | N56: 4.35 | O56: 4.35 | Q56: FX 0, DX 2, 1:1 4, 16:9 5 | R56: 8256x5504 | S56: 6192x4128 | T56: 4128x2752 | U56: 5392x3592 | V56: 4032x2688 | W56: 2688x1792 | AJ56: 5504x5504 | AK56: 4128x4128 | AL56: 2752x2752 | AM56: 8256x4640 | AN56: 6192x3480 | AO56: 4128x2320 | AQ56: =""""&B56&""": {"&"""Name"": "&""""&A56&""", "&"""Year"": "&C56&", "&"""Processor"": "&""""&D56&""", "&"""Sensor"": {"&"""Name"": "&""""&F56&""", "&"""Type"": "&""""&G56&""", "&"""Bayer"": "&""""&H56&""", "&"""BitDepth"": "&""&I56&", "&"""ResX"": "&""&J56&", "&"""ResY"": "&""&K56&", "&"""SizeX"": "&""&SUBSTITUTE(L56,",",".")&", "&"""SizeY"": "&""&SUBSTITUTE(M56,",",".")&", "&"""PixelSizeX"": "&""&SUBSTITUTE(N56,",",".")&", "&"""PixelSizeY"": "&""&SUBSTITUTE(O56,",",".")&"}, "&AR56&"}" -> "Z 9": {"Name": "Z9", "Year": 2023, "Processor": "EXPEED 7", "Sensor": {"Name": "Sony ?", "Type": "Stacked BSI-CMOS (Without AA filter)", "Bayer": "", "BitDepth": 14, "ResX": 8256, "ResY": 5504, "SizeX": 35.9, "SizeY": 23.9, "PixelSizeX": 4.35, "PixelSizeY": 4.35}, "CropSubSampling": [{"Crop": "FX", "Subs": {"Size L": {"ResX": 8256, "ResY": 5504}, "Size M": {"ResX": 6192, "ResY": 4128}, "Size S": {"ResX": 4128, "ResY": 2752}}}, {"Crop": "DX", "Subs": {"Size L": {"ResX": 5392, "ResY": 3592}, "Size M": {"ResX": 4032, "ResY": 2688}, "Size S": {"ResX": 2688, "ResY": 1792}}}, {"Crop": "1:1", "Subs": {"Size L": {"ResX": 5504, "ResY": 5504}, "Size M": {"ResX": 4128, "ResY": 4128}, "Size S": {"ResX": 2752, "ResY": 2752}}}, {"Crop": "16:9", "Subs": {"Size L": {"ResX": 8256, "ResY": 4640}, "Size M": {"ResX": 6192, "ResY": 3480}, "Size S": {"ResX": 4128, "ResY": 2320}}}]} | AR56: {=_xlfn.LET(_xlpm.crop,$R$2:$AO$2,_xlpm.size,$R$3:$AO$3,_xlpm.value,R56:AO56,_xlpm.vf,_xlfn.MAP(_xlpm.size,_xlpm.value,_xlfn.LAMBDA(_xlpm.s,_xlpm.v,IF(_xlpm.v="","",""""&_xlpm.s&""": {""ResX"": "&_xlfn.TEXTBEFORE(_xlpm.v,"x")&", ""ResY"": "&_xlfn.TEXTAFTER(_xlpm.v,"x")&"}"))),_xlpm.vfc,_xlfn.GROUPBY(TRANSPOSE(_xlpm.crop),TRANSPOSE(_xlpm.vf),_xlfn.LAMBDA(_xlpm.v,_xlfn.TEXTJOIN(", ",TRUE,_xlpm.v)),0,0),_xlpm.vfcc,_xlfn.BYROW(_xlpm.vfc,_xlfn.LAMBDA(_xlpm.r,IF(INDEX(_xlpm.r,1,2)="","","{""Crop"": """&INDEX(_xlpm.r,1,1)&""", ""Subs"": {"&INDEX(_xlpm.r,1,2)&"}}"))),_xlpm.vs,_xlfn.SORTBY(_xlpm.vfcc,MATCH(INDEX(_xlpm.vfc,0,1),_xlpm.crop,0)),"""CropSubSampling"": ["&_xlfn.TEXTJOIN(", ",TRUE,_xlpm.vs)&"]")} -> "CropSubSampling": [{"Crop": "FX", "Subs": {"Size L": {"ResX": 8256, "ResY": 5504}, "Size M": {"ResX": 6192, "ResY": 4128}, "Size S": {"ResX": 4128, "ResY": 2752}}}, {"Crop": "DX", "Subs": {"Size L": {"ResX": 5392, "ResY": 3592}, "Size M": {"ResX": 4032, "ResY": 2688}, "Size S": {"ResX": 2688, "ResY": 1792}}}, {"Crop": "1:1", "Subs": {"Size L": {"ResX": 5504, "ResY": 5504}, "Size M": {"ResX": 4128, "ResY": 4128}, "Size S": {"ResX": 2752, "ResY": 2752}}}, {"Crop": "16:9", "Subs": {"Size L": {"ResX": 8256, "ResY": 4640}, "Size M": {"ResX": 6192, "ResY": 3480}, "Size S": {"ResX": 4128, "ResY": 2320}}}]
A57: Z50 | B57: Z 50 | C57: 2019 | D57: EXPEED 6 | G57: CMOS (Without AA filter) | I57: 14 | J57: 5568 | K57: 3712 | L57: 23.5 | M57: 15.7 | N57: 4.22 | O57: 4.22 | Q57: DX 0, 1:1 1, 16:9 2 | U57: 5568x3712 | V57: 4176x2784 | W57: 2784x1856 | AJ57: 3712x3712 | AK57: 2784x2784 | AL57: 1856x1856 | AM57: 5568x3128 | AN57: 4176x2344 | AO57: 2784x1560 | AQ57: =""""&B57&""": {"&"""Name"": "&""""&A57&""", "&"""Year"": "&C57&", "&"""Processor"": "&""""&D57&""", "&"""Sensor"": {"&"""Name"": "&""""&F57&""", "&"""Type"": "&""""&G57&""", "&"""Bayer"": "&""""&H57&""", "&"""BitDepth"": "&""&I57&", "&"""ResX"": "&""&J57&", "&"""ResY"": "&""&K57&", "&"""SizeX"": "&""&SUBSTITUTE(L57,",",".")&", "&"""SizeY"": "&""&SUBSTITUTE(M57,",",".")&", "&"""PixelSizeX"": "&""&SUBSTITUTE(N57,",",".")&", "&"""PixelSizeY"": "&""&SUBSTITUTE(O57,",",".")&"}, "&AR57&"}" -> "Z 50": {"Name": "Z50", "Year": 2019, "Processor": "EXPEED 6", "Sensor": {"Name": "", "Type": "CMOS (Without AA filter)", "Bayer": "", "BitDepth": 14, "ResX": 5568, "ResY": 3712, "SizeX": 23.5, "SizeY": 15.7, "PixelSizeX": 4.22, "PixelSizeY": 4.22}, "CropSubSampling": [{"Crop": "DX", "Subs": {"Size L": {"ResX": 5568, "ResY": 3712}, "Size M": {"ResX": 4176, "ResY": 2784}, "Size S": {"ResX": 2784, "ResY": 1856}}}, {"Crop": "1:1", "Subs": {"Size L": {"ResX": 3712, "ResY": 3712}, "Size M": {"ResX": 2784, "ResY": 2784}, "Size S": {"ResX": 1856, "ResY": 1856}}}, {"Crop": "16:9", "Subs": {"Size L": {"ResX": 5568, "ResY": 3128}, "Size M": {"ResX": 4176, "ResY": 2344}, "Size S": {"ResX": 2784, "ResY": 1560}}}]} | AR57: {=_xlfn.LET(_xlpm.crop,$R$2:$AO$2,_xlpm.size,$R$3:$AO$3,_xlpm.value,R57:AO57,_xlpm.vf,_xlfn.MAP(_xlpm.size,_xlpm.value,_xlfn.LAMBDA(_xlpm.s,_xlpm.v,IF(_xlpm.v="","",""""&_xlpm.s&""": {""ResX"": "&_xlfn.TEXTBEFORE(_xlpm.v,"x")&", ""ResY"": "&_xlfn.TEXTAFTER(_xlpm.v,"x")&"}"))),_xlpm.vfc,_xlfn.GROUPBY(TRANSPOSE(_xlpm.crop),TRANSPOSE(_xlpm.vf),_xlfn.LAMBDA(_xlpm.v,_xlfn.TEXTJOIN(", ",TRUE,_xlpm.v)),0,0),_xlpm.vfcc,_xlfn.BYROW(_xlpm.vfc,_xlfn.LAMBDA(_xlpm.r,IF(INDEX(_xlpm.r,1,2)="","","{""Crop"": """&INDEX(_xlpm.r,1,1)&""", ""Subs"": {"&INDEX(_xlpm.r,1,2)&"}}"))),_xlpm.vs,_xlfn.SORTBY(_xlpm.vfcc,MATCH(INDEX(_xlpm.vfc,0,1),_xlpm.crop,0)),"""CropSubSampling"": ["&_xlfn.TEXTJOIN(", ",TRUE,_xlpm.vs)&"]")} -> "CropSubSampling": [{"Crop": "DX", "Subs": {"Size L": {"ResX": 5568, "ResY": 3712}, "Size M": {"ResX": 4176, "ResY": 2784}, "Size S": {"ResX": 2784, "ResY": 1856}}}, {"Crop": "1:1", "Subs": {"Size L": {"ResX": 3712, "ResY": 3712}, "Size M": {"ResX": 2784, "ResY": 2784}, "Size S": {"ResX": 1856, "ResY": 1856}}}, {"Crop": "16:9", "Subs": {"Size L": {"ResX": 5568, "ResY": 3128}, "Size M": {"ResX": 4176, "ResY": 2344}, "Size S": {"ResX": 2784, "ResY": 1560}}}]
A58: Z50II | B58: Z50_2 | C58: 2024 | D58: EXPEED 7 | F58: Sony ? | G58: CMOS (Without AA filter) | I58: 14 | J58: 5568 | K58: 3712 | L58: 23.5 | M58: 15.7 | N58: 4.22 | O58: 4.22 | Q58: DX 2, 1:1 4, 16:9 5 | U58: 5568x3712 | V58: 4176x2784 | W58: 2784x1856 | AJ58: 3712x3712 | AK58: 2784x2784 | AL58: 1856x1856 | AM58: 5568x3128 | AN58: 4176x2344 | AO58: 2784x1560 | AQ58: =""""&B58&""": {"&"""Name"": "&""""&A58&""", "&"""Year"": "&C58&", "&"""Processor"": "&""""&D58&""", "&"""Sensor"": {"&"""Name"": "&""""&F58&""", "&"""Type"": "&""""&G58&""", "&"""Bayer"": "&""""&H58&""", "&"""BitDepth"": "&""&I58&", "&"""ResX"": "&""&J58&", "&"""ResY"": "&""&K58&", "&"""SizeX"": "&""&SUBSTITUTE(L58,",",".")&", "&"""SizeY"": "&""&SUBSTITUTE(M58,",",".")&", "&"""PixelSizeX"": "&""&SUBSTITUTE(N58,",",".")&", "&"""PixelSizeY"": "&""&SUBSTITUTE(O58,",",".")&"}, "&AR58&"}" -> "Z50_2": {"Name": "Z50II", "Year": 2024, "Processor": "EXPEED 7", "Sensor": {"Name": "Sony ?", "Type": "CMOS (Without AA filter)", "Bayer": "", "BitDepth": 14, "ResX": 5568, "ResY": 3712, "SizeX": 23.5, "SizeY": 15.7, "PixelSizeX": 4.22, "PixelSizeY": 4.22}, "CropSubSampling": [{"Crop": "DX", "Subs": {"Size L": {"ResX": 5568, "ResY": 3712}, "Size M": {"ResX": 4176, "ResY": 2784}, "Size S": {"ResX": 2784, "ResY": 1856}}}, {"Crop": "1:1", "Subs": {"Size L": {"ResX": 3712, "ResY": 3712}, "Size M": {"ResX": 2784, "ResY": 2784}, "Size S": {"ResX": 1856, "ResY": 1856}}}, {"Crop": "16:9", "Subs": {"Size L": {"ResX": 5568, "ResY": 3128}, "Size M": {"ResX": 4176, "ResY": 2344}, "Size S": {"ResX": 2784, "ResY": 1560}}}]} | AR58: {=_xlfn.LET(_xlpm.crop,$R$2:$AO$2,_xlpm.size,$R$3:$AO$3,_xlpm.value,R58:AO58,_xlpm.vf,_xlfn.MAP(_xlpm.size,_xlpm.value,_xlfn.LAMBDA(_xlpm.s,_xlpm.v,IF(_xlpm.v="","",""""&_xlpm.s&""": {""ResX"": "&_xlfn.TEXTBEFORE(_xlpm.v,"x")&", ""ResY"": "&_xlfn.TEXTAFTER(_xlpm.v,"x")&"}"))),_xlpm.vfc,_xlfn.GROUPBY(TRANSPOSE(_xlpm.crop),TRANSPOSE(_xlpm.vf),_xlfn.LAMBDA(_xlpm.v,_xlfn.TEXTJOIN(", ",TRUE,_xlpm.v)),0,0),_xlpm.vfcc,_xlfn.BYROW(_xlpm.vfc,_xlfn.LAMBDA(_xlpm.r,IF(INDEX(_xlpm.r,1,2)="","","{""Crop"": """&INDEX(_xlpm.r,1,1)&""", ""Subs"": {"&INDEX(_xlpm.r,1,2)&"}}"))),_xlpm.vs,_xlfn.SORTBY(_xlpm.vfcc,MATCH(INDEX(_xlpm.vfc,0,1),_xlpm.crop,0)),"""CropSubSampling"": ["&_xlfn.TEXTJOIN(", ",TRUE,_xlpm.vs)&"]")} -> "CropSubSampling": [{"Crop": "DX", "Subs": {"Size L": {"ResX": 5568, "ResY": 3712}, "Size M": {"ResX": 4176, "ResY": 2784}, "Size S": {"ResX": 2784, "ResY": 1856}}}, {"Crop": "1:1", "Subs": {"Size L": {"ResX": 3712, "ResY": 3712}, "Size M": {"ResX": 2784, "ResY": 2784}, "Size S": {"ResX": 1856, "ResY": 1856}}}, {"Crop": "16:9", "Subs": {"Size L": {"ResX": 5568, "ResY": 3128}, "Size M": {"ResX": 4176, "ResY": 2344}, "Size S": {"ResX": 2784, "ResY": 1560}}}]
A59: Zf | B59: Z f | C59: 2023 | D59: EXPEED 7 | F59: Sony ? | G59: BSI-CMOS | I59: 14 | J59: 6048 | K59: 4032 | L59: 35.9 | M59: 23.9 | N59: 5.94 | O59: 5.94 | Q59: FX 0, DX 2, 1:1 4, 16:9 5 | R59: 6048x4032 | S59: 4528x3024 | T59: 3024x2016 | U59: 3984x2656 | V59: 2976x1992 | W59: 1984x1328 | AJ59: 4032x4032 | AK59: 3024x3024 | AL59: 2016x2016 | AM59: 6048x3400 | AN59: 4528x2544 | AO59: 3024x1696 | AQ59: =""""&B59&""": {"&"""Name"": "&""""&A59&""", "&"""Year"": "&C59&", "&"""Processor"": "&""""&D59&""", "&"""Sensor"": {"&"""Name"": "&""""&F59&""", "&"""Type"": "&""""&G59&""", "&"""Bayer"": "&""""&H59&""", "&"""BitDepth"": "&""&I59&", "&"""ResX"": "&""&J59&", "&"""ResY"": "&""&K59&", "&"""SizeX"": "&""&SUBSTITUTE(L59,",",".")&", "&"""SizeY"": "&""&SUBSTITUTE(M59,",",".")&", "&"""PixelSizeX"": "&""&SUBSTITUTE(N59,",",".")&", "&"""PixelSizeY"": "&""&SUBSTITUTE(O59,",",".")&"}, "&AR59&"}" -> "Z f": {"Name": "Zf", "Year": 2023, "Processor": "EXPEED 7", "Sensor": {"Name": "Sony ?", "Type": "BSI-CMOS", "Bayer": "", "BitDepth": 14, "ResX": 6048, "ResY": 4032, "SizeX": 35.9, "SizeY": 23.9, "PixelSizeX": 5.94, "PixelSizeY": 5.94}, "CropSubSampling": [{"Crop": "FX", "Subs": {"Size L": {"ResX": 6048, "ResY": 4032}, "Size M": {"ResX": 4528, "ResY": 3024}, "Size S": {"ResX": 3024, "ResY": 2016}}}, {"Crop": "DX", "Subs": {"Size L": {"ResX": 3984, "ResY": 2656}, "Size M": {"ResX": 2976, "ResY": 1992}, "Size S": {"ResX": 1984, "ResY": 1328}}}, {"Crop": "1:1", "Subs": {"Size L": {"ResX": 4032, "ResY": 4032}, "Size M": {"ResX": 3024, "ResY": 3024}, "Size S": {"ResX": 2016, "ResY": 2016}}}, {"Crop": "16:9", "Subs": {"Size L": {"ResX": 6048, "ResY": 3400}, "Size M": {"ResX": 4528, "ResY": 2544}, "Size S": {"ResX": 3024, "ResY": 1696}}}]} | AR59: {=_xlfn.LET(_xlpm.crop,$R$2:$AO$2,_xlpm.size,$R$3:$AO$3,_xlpm.value,R59:AO59,_xlpm.vf,_xlfn.MAP(_xlpm.size,_xlpm.value,_xlfn.LAMBDA(_xlpm.s,_xlpm.v,IF(_xlpm.v="","",""""&_xlpm.s&""": {""ResX"": "&_xlfn.TEXTBEFORE(_xlpm.v,"x")&", ""ResY"": "&_xlfn.TEXTAFTER(_xlpm.v,"x")&"}"))),_xlpm.vfc,_xlfn.GROUPBY(TRANSPOSE(_xlpm.crop),TRANSPOSE(_xlpm.vf),_xlfn.LAMBDA(_xlpm.v,_xlfn.TEXTJOIN(", ",TRUE,_xlpm.v)),0,0),_xlpm.vfcc,_xlfn.BYROW(_xlpm.vfc,_xlfn.LAMBDA(_xlpm.r,IF(INDEX(_xlpm.r,1,2)="","","{""Crop"": """&INDEX(_xlpm.r,1,1)&""", ""Subs"": {"&INDEX(_xlpm.r,1,2)&"}}"))),_xlpm.vs,_xlfn.SORTBY(_xlpm.vfcc,MATCH(INDEX(_xlpm.vfc,0,1),_xlpm.crop,0)),"""CropSubSampling"": ["&_xlfn.TEXTJOIN(", ",TRUE,_xlpm.vs)&"]")} -> "CropSubSampling": [{"Crop": "FX", "Subs": {"Size L": {"ResX": 6048, "ResY": 4032}, "Size M": {"ResX": 4528, "ResY": 3024}, "Size S": {"ResX": 3024, "ResY": 2016}}}, {"Crop": "DX", "Subs": {"Size L": {"ResX": 3984, "ResY": 2656}, "Size M": {"ResX": 2976, "ResY": 1992}, "Size S": {"ResX": 1984, "ResY": 1328}}}, {"Crop": "1:1", "Subs": {"Size L": {"ResX": 4032, "ResY": 4032}, "Size M": {"ResX": 3024, "ResY": 3024}, "Size S": {"ResX": 2016, "ResY": 2016}}}, {"Crop": "16:9", "Subs": {"Size L": {"ResX": 6048, "ResY": 3400}, "Size M": {"ResX": 4528, "ResY": 2544}, "Size S": {"ResX": 3024, "ResY": 1696}}}]
A60: Zfc | B60: Z fc | C60: 2021 | D60: EXPEED 6 | F60: Sony ? | G60: CMOS (Without AA filter) | I60: 14 | J60: 5568 | K60: 3712 | L60: 23.5 | M60: 15.7 | N60: 4.22 | O60: 4.22 | Q60: DX 2, 1:1 4, 16:9 5 | U60: 5568x3712 | V60: 4176x2784 | W60: 2784x1856 | AJ60: 3712x3712 | AK60: 2784x2784 | AL60: 1856x1856 | AM60: 5568x3128 | AN60: 4176x2344 | AO60: 2784x1560 | AQ60: =""""&B60&""": {"&"""Name"": "&""""&A60&""", "&"""Year"": "&C60&", "&"""Processor"": "&""""&D60&""", "&"""Sensor"": {"&"""Name"": "&""""&F60&""", "&"""Type"": "&""""&G60&""", "&"""Bayer"": "&""""&H60&""", "&"""BitDepth"": "&""&I60&", "&"""ResX"": "&""&J60&", "&"""ResY"": "&""&K60&", "&"""SizeX"": "&""&SUBSTITUTE(L60,",",".")&", "&"""SizeY"": "&""&SUBSTITUTE(M60,",",".")&", "&"""PixelSizeX"": "&""&SUBSTITUTE(N60,",",".")&", "&"""PixelSizeY"": "&""&SUBSTITUTE(O60,",",".")&"}, "&AR60&"}" -> "Z fc": {"Name": "Zfc", "Year": 2021, "Processor": "EXPEED 6", "Sensor": {"Name": "Sony ?", "Type": "CMOS (Without AA filter)", "Bayer": "", "BitDepth": 14, "ResX": 5568, "ResY": 3712, "SizeX": 23.5, "SizeY": 15.7, "PixelSizeX": 4.22, "PixelSizeY": 4.22}, "CropSubSampling": [{"Crop": "DX", "Subs": {"Size L": {"ResX": 5568, "ResY": 3712}, "Size M": {"ResX": 4176, "ResY": 2784}, "Size S": {"ResX": 2784, "ResY": 1856}}}, {"Crop": "1:1", "Subs": {"Size L": {"ResX": 3712, "ResY": 3712}, "Size M": {"ResX": 2784, "ResY": 2784}, "Size S": {"ResX": 1856, "ResY": 1856}}}, {"Crop": "16:9", "Subs": {"Size L": {"ResX": 5568, "ResY": 3128}, "Size M": {"ResX": 4176, "ResY": 2344}, "Size S": {"ResX": 2784, "ResY": 1560}}}]} | AR60: {=_xlfn.LET(_xlpm.crop,$R$2:$AO$2,_xlpm.size,$R$3:$AO$3,_xlpm.value,R60:AO60,_xlpm.vf,_xlfn.MAP(_xlpm.size,_xlpm.value,_xlfn.LAMBDA(_xlpm.s,_xlpm.v,IF(_xlpm.v="","",""""&_xlpm.s&""": {""ResX"": "&_xlfn.TEXTBEFORE(_xlpm.v,"x")&", ""ResY"": "&_xlfn.TEXTAFTER(_xlpm.v,"x")&"}"))),_xlpm.vfc,_xlfn.GROUPBY(TRANSPOSE(_xlpm.crop),TRANSPOSE(_xlpm.vf),_xlfn.LAMBDA(_xlpm.v,_xlfn.TEXTJOIN(", ",TRUE,_xlpm.v)),0,0),_xlpm.vfcc,_xlfn.BYROW(_xlpm.vfc,_xlfn.LAMBDA(_xlpm.r,IF(INDEX(_xlpm.r,1,2)="","","{""Crop"": """&INDEX(_xlpm.r,1,1)&""", ""Subs"": {"&INDEX(_xlpm.r,1,2)&"}}"))),_xlpm.vs,_xlfn.SORTBY(_xlpm.vfcc,MATCH(INDEX(_xlpm.vfc,0,1),_xlpm.crop,0)),"""CropSubSampling"": ["&_xlfn.TEXTJOIN(", ",TRUE,_xlpm.vs)&"]")} -> "CropSubSampling": [{"Crop": "DX", "Subs": {"Size L": {"ResX": 5568, "ResY": 3712}, "Size M": {"ResX": 4176, "ResY": 2784}, "Size S": {"ResX": 2784, "ResY": 1856}}}, {"Crop": "1:1", "Subs": {"Size L": {"ResX": 3712, "ResY": 3712}, "Size M": {"ResX": 2784, "ResY": 2784}, "Size S": {"ResX": 1856, "ResY": 1856}}}, {"Crop": "16:9", "Subs": {"Size L": {"ResX": 5568, "ResY": 3128}, "Size M": {"ResX": 4176, "ResY": 2344}, "Size S": {"ResX": 2784, "ResY": 1560}}}]
A61: Z30 | B61: Z 30 | C61: 2022 | D61: EXPEED 6 | G61: CMOS (Without AA filter) | I61: 14 | J61: 5568 | K61: 3712 | L61: 23.5 | M61: 15.7 | N61: 4.22 | O61: 4.22 | Q61: DX 2, 1:1 4, 16:9 5 | U61: 5568x3712 | V61: 4176x2784 | W61: 2784x1856 | AJ61: 3712x3712 | AK61: 2784x2784 | AL61: 1856x1856 | AM61: 5568x3128 | AN61: 4176x2344 | AO61: 2784x1560 | AQ61: =""""&B61&""": {"&"""Name"": "&""""&A61&""", "&"""Year"": "&C61&", "&"""Processor"": "&""""&D61&""", "&"""Sensor"": {"&"""Name"": "&""""&F61&""", "&"""Type"": "&""""&G61&""", "&"""Bayer"": "&""""&H61&""", "&"""BitDepth"": "&""&I61&", "&"""ResX"": "&""&J61&", "&"""ResY"": "&""&K61&", "&"""SizeX"": "&""&SUBSTITUTE(L61,",",".")&", "&"""SizeY"": "&""&SUBSTITUTE(M61,",",".")&", "&"""PixelSizeX"": "&""&SUBSTITUTE(N61,",",".")&", "&"""PixelSizeY"": "&""&SUBSTITUTE(O61,",",".")&"}, "&AR61&"}" -> "Z 30": {"Name": "Z30", "Year": 2022, "Processor": "EXPEED 6", "Sensor": {"Name": "", "Type": "CMOS (Without AA filter)", "Bayer": "", "BitDepth": 14, "ResX": 5568, "ResY": 3712, "SizeX": 23.5, "SizeY": 15.7, "PixelSizeX": 4.22, "PixelSizeY": 4.22}, "CropSubSampling": [{"Crop": "DX", "Subs": {"Size L": {"ResX": 5568, "ResY": 3712}, "Size M": {"ResX": 4176, "ResY": 2784}, "Size S": {"ResX": 2784, "ResY": 1856}}}, {"Crop": "1:1", "Subs": {"Size L": {"ResX": 3712, "ResY": 3712}, "Size M": {"ResX": 2784, "ResY": 2784}, "Size S": {"ResX": 1856, "ResY": 1856}}}, {"Crop": "16:9", "Subs": {"Size L": {"ResX": 5568, "ResY": 3128}, "Size M": {"ResX": 4176, "ResY": 2344}, "Size S": {"ResX": 2784, "ResY": 1560}}}]} | AR61: {=_xlfn.LET(_xlpm.crop,$R$2:$AO$2,_xlpm.size,$R$3:$AO$3,_xlpm.value,R61:AO61,_xlpm.vf,_xlfn.MAP(_xlpm.size,_xlpm.value,_xlfn.LAMBDA(_xlpm.s,_xlpm.v,IF(_xlpm.v="","",""""&_xlpm.s&""": {""ResX"": "&_xlfn.TEXTBEFORE(_xlpm.v,"x")&", ""ResY"": "&_xlfn.TEXTAFTER(_xlpm.v,"x")&"}"))),_xlpm.vfc,_xlfn.GROUPBY(TRANSPOSE(_xlpm.crop),TRANSPOSE(_xlpm.vf),_xlfn.LAMBDA(_xlpm.v,_xlfn.TEXTJOIN(", ",TRUE,_xlpm.v)),0,0),_xlpm.vfcc,_xlfn.BYROW(_xlpm.vfc,_xlfn.LAMBDA(_xlpm.r,IF(INDEX(_xlpm.r,1,2)="","","{""Crop"": """&INDEX(_xlpm.r,1,1)&""", ""Subs"": {"&INDEX(_xlpm.r,1,2)&"}}"))),_xlpm.vs,_xlfn.SORTBY(_xlpm.vfcc,MATCH(INDEX(_xlpm.vfc,0,1),_xlpm.crop,0)),"""CropSubSampling"": ["&_xlfn.TEXTJOIN(", ",TRUE,_xlpm.vs)&"]")} -> "CropSubSampling": [{"Crop": "DX", "Subs": {"Size L": {"ResX": 5568, "ResY": 3712}, "Size M": {"ResX": 4176, "ResY": 2784}, "Size S": {"ResX": 2784, "ResY": 1856}}}, {"Crop": "1:1", "Subs": {"Size L": {"ResX": 3712, "ResY": 3712}, "Size M": {"ResX": 2784, "ResY": 2784}, "Size S": {"ResX": 1856, "ResY": 1856}}}, {"Crop": "16:9", "Subs": {"Size L": {"ResX": 5568, "ResY": 3128}, "Size M": {"ResX": 4176, "ResY": 2344}, "Size S": {"ResX": 2784, "ResY": 1560}}}]
A62: ZR | B62: ZR | C62: 2025 | D62: EXPEED 7 | F62: Sony ? | G62: Partially Stacked BSI-CMOS | I62: 14 | J62: 6048 | K62: 4032 | L62: 35.9 | M62: 23.9 | N62: 5.94 | O62: 5.94 | Q62: FX 0, DX 2, 1:1 4, 16:9 5 | R62: 6048x4032 | S62: 4528x3024 | T62: 3024x2016 | U62: 3984x2656 | V62: 2976x1992 | W62: 1984x1328 | AJ62: 4032x4032 | AK62: 3024x3024 | AL62: 2016x2016 | AM62: 6048x3400 | AN62: 4528x2544 | AO62: 3024x1696 | AQ62: =""""&B62&""": {"&"""Name"": "&""""&A62&""", "&"""Year"": "&C62&", "&"""Processor"": "&""""&D62&""", "&"""Sensor"": {"&"""Name"": "&""""&F62&""", "&"""Type"": "&""""&G62&""", "&"""Bayer"": "&""""&H62&""", "&"""BitDepth"": "&""&I62&", "&"""ResX"": "&""&J62&", "&"""ResY"": "&""&K62&", "&"""SizeX"": "&""&SUBSTITUTE(L62,",",".")&", "&"""SizeY"": "&""&SUBSTITUTE(M62,",",".")&", "&"""PixelSizeX"": "&""&SUBSTITUTE(N62,",",".")&", "&"""PixelSizeY"": "&""&SUBSTITUTE(O62,",",".")&"}, "&AR62&"}" -> "ZR": {"Name": "ZR", "Year": 2025, "Processor": "EXPEED 7", "Sensor": {"Name": "Sony ?", "Type": "Partially Stacked BSI-CMOS", "Bayer": "", "BitDepth": 14, "ResX": 6048, "ResY": 4032, "SizeX": 35.9, "SizeY": 23.9, "PixelSizeX": 5.94, "PixelSizeY": 5.94}, "CropSubSampling": [{"Crop": "FX", "Subs": {"Size L": {"ResX": 6048, "ResY": 4032}, "Size M": {"ResX": 4528, "ResY": 3024}, "Size S": {"ResX": 3024, "ResY": 2016}}}, {"Crop": "DX", "Subs": {"Size L": {"ResX": 3984, "ResY": 2656}, "Size M": {"ResX": 2976, "ResY": 1992}, "Size S": {"ResX": 1984, "ResY": 1328}}}, {"Crop": "1:1", "Subs": {"Size L": {"ResX": 4032, "ResY": 4032}, "Size M": {"ResX": 3024, "ResY": 3024}, "Size S": {"ResX": 2016, "ResY": 2016}}}, {"Crop": "16:9", "Subs": {"Size L": {"ResX": 6048, "ResY": 3400}, "Size M": {"ResX": 4528, "ResY": 2544}, "Size S": {"ResX": 3024, "ResY": 1696}}}]} | AR62: {=_xlfn.LET(_xlpm.crop,$R$2:$AO$2,_xlpm.size,$R$3:$AO$3,_xlpm.value,R62:AO62,_xlpm.vf,_xlfn.MAP(_xlpm.size,_xlpm.value,_xlfn.LAMBDA(_xlpm.s,_xlpm.v,IF(_xlpm.v="","",""""&_xlpm.s&""": {""ResX"": "&_xlfn.TEXTBEFORE(_xlpm.v,"x")&", ""ResY"": "&_xlfn.TEXTAFTER(_xlpm.v,"x")&"}"))),_xlpm.vfc,_xlfn.GROUPBY(TRANSPOSE(_xlpm.crop),TRANSPOSE(_xlpm.vf),_xlfn.LAMBDA(_xlpm.v,_xlfn.TEXTJOIN(", ",TRUE,_xlpm.v)),0,0),_xlpm.vfcc,_xlfn.BYROW(_xlpm.vfc,_xlfn.LAMBDA(_xlpm.r,IF(INDEX(_xlpm.r,1,2)="","","{""Crop"": """&INDEX(_xlpm.r,1,1)&""", ""Subs"": {"&INDEX(_xlpm.r,1,2)&"}}"))),_xlpm.vs,_xlfn.SORTBY(_xlpm.vfcc,MATCH(INDEX(_xlpm.vfc,0,1),_xlpm.crop,0)),"""CropSubSampling"": ["&_xlfn.TEXTJOIN(", ",TRUE,_xlpm.vs)&"]")} -> "CropSubSampling": [{"Crop": "FX", "Subs": {"Size L": {"ResX": 6048, "ResY": 4032}, "Size M": {"ResX": 4528, "ResY": 3024}, "Size S": {"ResX": 3024, "ResY": 2016}}}, {"Crop": "DX", "Subs": {"Size L": {"ResX": 3984, "ResY": 2656}, "Size M": {"ResX": 2976, "ResY": 1992}, "Size S": {"ResX": 1984, "ResY": 1328}}}, {"Crop": "1:1", "Subs": {"Size L": {"ResX": 4032, "ResY": 4032}, "Size M": {"ResX": 3024, "ResY": 3024}, "Size S": {"ResX": 2016, "ResY": 2016}}}, {"Crop": "16:9", "Subs": {"Size L": {"ResX": 6048, "ResY": 3400}, "Size M": {"ResX": 4528, "ResY": 2544}, "Size S": {"ResX": 3024, "ResY": 1696}}}]

Sheet Cameras (MTP)
A1: Camera | B1: MTP Doc | C1: Order in db
A2: Z8 | B2: 2.00 | C2: 1
A3: Z9 | B3: 6.00 | C3: 2
A4: Z6 II | B4: 1.10 | C4: 3
A5: Z7 II | B5: 1.10 | C5: 4
A6: Z50 | B6: 2.00 | C6: 5
A7: Z6 | B7: 1.40 | C7: 6
A8: Z7 | B8: 1.40 | C8: 7
A9: Z5 | B9: 1.10 | C9: 8
A10: D6 | B10: 1.00 | C10: 9
A11: D5 | B11: 2.00 | C11: 10
A12: D4S | B12: 1.00 | C12: 11
A13: D4 | B13: 1.00 | C13: 12
... A27: D300 | B27: 1.00 | C27: 26

Sheet Enums
A1: NikonMtpOperationCode | B1: NikonMtpResponseCode | C1: NikonMtpEventCode | D1: NikonMtpDevicePropCode | E1: NikonMtpObjectPropCode
A2: {=_xlfn.LET(_xlpm.arr,_xlfn.ANCHORARRAY(OperationCode!A3),INDEX(_xlpm.arr,0,2)&" = "&INDEX(_xlpm.arr,0,1)&",")} -> GetDeviceInfo = 0x1001, | B2: {=_xlfn.LET(_xlpm.arr,_xlfn.ANCHORARRAY(ResponseCode!A3),INDEX(_xlpm.arr,0,2)&" = "&INDEX(_xlpm.arr,0,1)&",")} -> OK = 0x2001, | C2: {=_xlfn.LET(_xlpm.arr,_xlfn.ANCHORARRAY(EventCode!A3),INDEX(_xlpm.arr,0,2)&" = "&INDEX(_xlpm.arr,0,1)&",")} -> CancelTransaction = 0x4001, | D2: {=_xlfn.LET(_xlpm.arr,_xlfn.ANCHORARRAY(DevicePropCode!A3),INDEX(_xlpm.arr,0,2)&" = "&INDEX(_xlpm.arr,0,1)&",")} -> BatteryLevel = 0x5001, | E2: {=_xlfn.LET(_xlpm.arr,_xlfn.ANCHORARRAY(ObjectPropCode!A3),INDEX(_xlpm.arr,0,2)&" = "&INDEX(_xlpm.arr,0,1)&",")} -> StorageID = 0xDC01,
A3: OpenSession = 0x1002, | B3: General_Error = 0x2002, | C3: ObjectAdded = 0x4002, | D3: ImageSize = 0x5003, | E3: ObjectFormat = 0xDC02,
A4: CloseSession = 0x1003, | B4: Session_Not_Open = 0x2003, | C4: ObjectRemoved = 0x4003, | D4: CompressionSetting = 0x5004, | E4: ProtectionStatus = 0xDC03,
A5: GetStorageIDs = 0x1004, | B5: Invalid_TransactionID = 0x2004, | C5: StoreAdded = 0x4004, | D5: WhiteBalance = 0x5005, | E5: ObjectSize = 0xDC04,
A6: GetStorageInfo = 0x1005, | B6: Operation_Not_Supported = 0x2005, | C6: StoreRemoved = 0x4005, | D6: Fnumber = 0x5007, | E6: ObjectFilename = 0xDC07,
A7: GetNumObjects = 0x1006, | B7: Parameter_Not_Supported = 0x2006, | C7: DevicePropChanged = 0x4006, | D7: FocalLength = 0x5008, | E7: DateCreated = 0xDC08,
A8: GetObjectHandles = 0x1007, | B8: Incomplete_Transfer = 0x2007, | C8: ObjectInfoChanged = 0x4007, | D8: FocusMode = 0x500A, | E8: DateModified = 0xDC09,
A9: GetObjectInfo = 0x1008, | B9: Invalid_StorageID = 0x2008, | C9: DeviceInfoChanged = 0x4008, | D9: ExposureMeteringMode = 0x500B, | E9: ParentObject = 0xDC0B,
A10: GetObject = 0x1009, | B10: Invalid_Object_Handle = 0x2009, | C10: RequestObjectTransfer = 0x4009, | D10: FlashMode = 0x500C, | E10: Hidden = 0xDC0D,
A11: GetThumb = 0x100A, | B11: DeviceProp_Not_Supported = 0x200A, | C11: StoreFull = 0x400A, | D11: ExposureTime = 0x500D, | E11: PersistentUniqueObjectIdentifier = 0xDC41,
A12: DeleteObject = 0x100B, | B12: Invalid_ObjectFormatCode = 0x200B, | C12: StorageInfoChanged = 0x400C, | D12: ExposureProgramMode = 0x500E, | E12: Name = 0xDC44,
A13: SendObjectInfo = 0x100C, | B13: Store_Full = 0x200C, | C13: CaptureComplete = 0x400D, | D13: ExposureIndex = 0x500F, | E13: RepresentativeSampleFormat = 0xDC81,
A14: SendObject = 0x100D, | B14: Object_Write_Protect = 0x200D, | C14: ObjectAddedInSdram = 0xC101, | D14: ExposureBiasCompensation = 0x5010, | E14: RepresentativeSampleSize = 0xDC82,
... A29: SetPreWbData = 0x90C9, | B29: Transaction_Cancelled = 0x201F, | C29: SBAdded = 0xC120, | D29: WbTuneIncandescent = 0xD018, | E29: FramesPerThousandSeconds = 0xDE9D,
A30: GetVendorPropCodes = 0x90CA, | B30: Specification_of_Destination_Unsupported = 0x2020, | C30: SBRemoved = 0xC121, | D30: WbTuneFluorescent = 0xD019,
A31: AfAndCaptureRecInSdram = 0x90CB, | B31: Hardware_Error = 0xA001, | C31: SBAttrChanged = 0xC122, | D31: WbTuneSunny = 0xD01A,
A32: GetPicCtrlData = 0x90CC, | B32: Out_of_Focus = 0xA002, | C32: SBGroupAttrChanged = 0xC123, | D32: WbTuneFlash = 0xD01B,
A33: SetPicCtrlData = 0x90CD, | B33: Change_CameraMode_Failed = 0xA003, | C33: HlgQualityAdjustChanged = 0xC125, | D33: WbTuneCloudy = 0xD01C,
A34: DeleteCustomPicCtrl = 0x90CE, | B34: Invalid_Status = 0xA004, | C34: PortraitImpressionBalanceAdjustChanged = 0xC126, | D34: WbTuneShade = 0xD01D,
A35: GetPicCtrlCapability = 0x90CF, | B35: Set_Property_Not_Support = 0xA005, | C35: PictureControlHlgAdjustChanged = 0xC127, | D35: WbColorTemp = 0xD01E,
A36: GetPreviewImage = 0x9200, | B36: Wb_Preset_Error = 0xA006, | D36: WbPresetDataNo = 0xD01F,
A37: StartLiveView = 0x9201, | B37: Dust_Reference_Error = 0xA007, | D37: WbPresetDataComment0 = 0xD020,
A38: EndLiveView = 0x9202, | B38: Shutter_Speed_Bulb = 0xA008, | D38: WbPresetDataComment1 = 0xD021,
A39: GetLiveViewImage = 0x9203, | B39: MirrorUp_Sequence = 0xA009, | D39: WbPresetDataComment2 = 0xD022,
A40: MfDrive = 0x9204, | B40: CameraMode_Not_Adjust_Fnumber = 0xA00A, | D40: WbPresetDataComment3 = 0xD023,
A41: ChangeAfArea = 0x9205, | B41: Not_LiveView = 0xA00B, | D41: WbPresetDataComment4 = 0xD024,
A42: AfDriveCancel = 0x9206, | B42: MfDrive_Step_End = 0xA00C, | D42: WbPresetDataValue0 = 0xD025,
A43: InitiateCaptureRecInMedia = 0x9207, | B43: MfDrive_Step_Insufficiency = 0xA00E, | D43: WbPresetDataValue1 = 0xD026,
A44: AfAndCaptureRecInStorage = 0x9208, | B44: No_FullHD_Present = 0xA00F, | D44: WbPresetDataValue2 = 0xD027,
A45: GetVendorStorageIDs = 0x9209, | B45: Store_Error = 0xA021, | D45: WbPresetDataValue3 = 0xD028,
A46: StartMovieRecord = 0x920A, | B46: Store_Unformatted = 0xA022, | D46: WbPresetDataValue4 = 0xD029,
A47: EndMovieRecord = 0x920B, | B47: Bulb_Release_Busy = 0xA200, | D47: FmmManualSetting = 0xD02E,
... A60: NotifyFileAcquisitionEnd = 0x940A, | B60: ObjectProp_Not_Supported = 0xA80A, | D60: WbPresetProtect5 = 0xD03C,
A61: GetSpecificSizeObject = 0x940B, | D61: WbPresetProtect6 = 0xD03D,
A62: CancelImagesInSdram = 0x940C, | D62: WbPresetDataValue5 = 0xD03E,
A63: GetPicCtrlDataEx = 0x940D, | D63: WbPresetDataValue6 = 0xD03F,
A64: SetPicCtrlDataEx = 0x940E, | D64: CustomSettingBank = 0xD040,
A65: DeleteMovieCustomPicCtrl = 0x940F, | D65: CustomBankNameA = 0xD041,
A66: GetMoviePicCtrlCapability = 0x9410, | D66: CustomBankNameB = 0xD042,
A67: GetIPTCPresetInfo = 0x9412, | D67: CustomBankNameC = 0xD043,
A68: SetIPTCPresetInfo = 0x9413, | D68: CustomBankNameD = 0xD044,
A69: GetSBHandles = 0x9414, | D69: ResetCustomSetting = 0xD045,
A70: GetSBAttrDesc = 0x9415, | D70: AFStillLockOnAcross = 0xD046,
A71: GetSBAttrValue = 0x9416, | D71: AFStillLockOnMove = 0xD047,
A72: SetSBAttrValue = 0x9417, | D72: DynamicAFonAFC = 0xD048,
... A134: GetObjectPropList = 0x9805, | D134: EnableAFAreaPoint = 0xD08D,
D135: NomalAF = 0xD08E,
D136: ImageSensorCleaning = 0xD08F,
D137: CommentString = 0xD090,
D138: EnableComment = 0xD091,
D139: OrientationSensorMode = 0xD092,
D140: ManualSettingLensNo = 0xD093,
D141: AfTuneEnable = 0xD094,
D142: AfTuneUnregistryLens = 0xD095,
D143: AfTuneRegistryLens = 0xD096,
D144: AfTuneLensNoIndex = 0xD097,
D145: AfTuneLensNo = 0xD098,
D146: AfTuneLensNoIndexNum = 0xD099,
... D499: AutoCaptureFocusRange = 0x0001D061,

Sheet OperationCode
D1: {=TRANSPOSE(Cameras[Camera])} -> Z8 | E1: Z9 | F1: Z6 II | G1: Z7 II | H1: Z50 | I1: Z6 | J1: Z7 | K1: Z5 | L1: D6 | M1: D5 | N1: D4S | O1: D4 | P1: D3X | Q1: D3 | R1: D850 | S1: D810A | T1: D810 | U1: D800 | V1: D780 | W1: D750 | X1: D700 | Y1: D610 | Z1: D600 | AA1: D500 | AB1: D300S | AC1: D300 | AJ1: {=TRANSPOSE(Cameras[Camera])} -> Z8 | AK1: Z9 | AL1: Z6 II | AM1: Z7 II | AN1: Z50 | AO1: Z6 | AP1: Z7 | AQ1: Z5 | AR1: D6 | AS1: D5 | AT1: D4S | AU1: D4 | AV1: D3X | AW1: D3 | AX1: D850 | AY1: D810A | AZ1: D810 | BA1: D800 | BB1: D780 | BC1: D750 | BD1: D700 | BE1: D610 | BF1: D600 | BG1: D500 | BH1: D300S | BI1: D300
A2: OperationCode | B2: Description | D2: {="Rev. "&TRANSPOSE(Cameras[MTP Doc])} -> Rev. 2.00 | E2: Rev. 6.00 | F2: Rev. 1.10 | G2: Rev. 1.10 | H2: Rev. 2.00 | I2: Rev. 1.40 | J2: Rev. 1.40 | K2: Rev. 1.10 | L2: Rev. 1.00 | M2: Rev. 2.00 | N2: Rev. 1.00 | O2: Rev. 1.00 | P2: Rev. 1.00 | Q2: Rev. 1.00 | R2: Rev. 1.10 | S2: Rev. 1.00 | T2: Rev. 1.00 | U2: Rev. 1.00 | V2: Rev. 1.00 | W2: Rev. 1.00 | X2: Rev. 1.00 | Y2: Rev. 1.00 | Z2: Rev. 1.00 | AA2: Rev. 1.00 | AB2: Rev. 1.00 | AC2: Rev. 1.00 | AF2: Model | AG2: Code | AH2: Desc | AJ2: {="Rev. "&TRANSPOSE(Cameras[MTP Doc])} -> Rev. 2.00 | AK2: Rev. 6.00 | AL2: Rev. 1.10 | AM2: Rev. 1.10 | AN2: Rev. 2.00 | AO2: Rev. 1.40 | AP2: Rev. 1.40 | AQ2: Rev. 1.10 | AR2: Rev. 1.00 | AS2: Rev. 2.00 | AT2: Rev. 1.00 | AU2: Rev. 1.00 | AV2: Rev. 1.00 | AW2: Rev. 1.00 | AX2: Rev. 1.10 | AY2: Rev. 1.00 | AZ2: Rev. 1.00 | BA2: Rev. 1.00 | BB2: Rev. 1.00 | BC2: Rev. 1.00 | BD2: Rev. 1.00 | BE2: Rev. 1.00 | BF2: Rev. 1.00 | BG2: Rev. 1.00 | BH2: Rev. 1.00 | BI2: Rev. 1.00
A3: {=_xlfn.LET(_xlpm.arr,_xlfn.ANCHORARRAY(AF3),_xlpm.codes,INDEX(_xlfn._xlws.SORT(_xlfn._xlws.SORT(_xlfn.UNIQUE(_xlfn.HSTACK(INDEX(_xlpm.arr,0,2),LEN(INDEX(_xlpm.arr,0,2))),FALSE,FALSE),1,1,FALSE),2,1,FALSE),0,1),_xlfn.HSTACK(_xlpm.codes,_xlfn.XLOOKUP(_xlpm.codes,INDEX(_xlpm.arr,0,2),INDEX(_xlpm.arr,0,3),,0,1)))} -> 0x1001 | B3: GetDeviceInfo | D3: {=_xlfn.LET(_xlpm.models,_xlfn.ANCHORARRAY(D1),_xlpm.arr,_xlfn.ANCHORARRAY(AF3),_xlpm.codes,INDEX(_xlfn.ANCHORARRAY(A3),0,1),_xlfn.MAKEARRAY(ROWS(_xlpm.codes),COLUMNS(_xlpm.models),_xlfn.LAMBDA(_xlpm.r,_xlpm.c,_xlfn.LET(_xlpm.code,INDEX(_xlpm.codes,_xlpm.r,1),_xlpm.model,INDEX(_xlpm.models,1,_xlpm.c),_xlpm.arrf,_xlfn._xlws.FILTER(_xlpm.arr,INDEX(_xlpm.arr,0,1)=_xlpm.model,IF(_xlfn.SEQUENCE(1,3),"")),_xlfn.XLOOKUP(_xlpm.code,INDEX(_xlpm.arrf,0,2),INDEX(_xlpm.arrf,0,3),"",0)))))} -> GetDeviceInfo | E3: GetDeviceInfo | F3: GetDeviceInfo | G3: GetDeviceInfo | H3: GetDeviceInfo | I3: GetDeviceInfo | J3: GetDeviceInfo | K3: GetDeviceInfo | L3: GetDeviceInfo | M3: GetDeviceInfo | N3: GetDeviceInfo | O3: GetDeviceInfo | P3: GetDeviceInfo | Q3: GetDeviceInfo | R3: GetDeviceInfo | S3: GetDeviceInfo | T3: GetDeviceInfo | U3: GetDeviceInfo | V3: GetDeviceInfo | W3: GetDeviceInfo | X3: GetDeviceInfo | Y3: GetDeviceInfo | Z3: GetDeviceInfo | AA3: GetDeviceInfo | AB3: GetDeviceInfo | AC3: GetDeviceInfo | AF3: {=_xlfn.LET(_xlpm.models,_xlfn.ANCHORARRAY(AJ1),_xlfn.DROP(_xlfn.REDUCE("",_xlpm.models,_xlfn.LAMBDA(_xlpm.p,_xlpm.m,_xlfn.LET(_xlpm.mc,_xlfn.TEXTBEFORE(_xlfn.TEXTAFTER(ADDRESS(ROW(),COLUMN(_xlpm.m),1,1),"$"),"$"),_xlpm.ma,INDIRECT(_xlpm.mc&":"&_xlpm.mc),_xlpm.arr,_xlfn._xlws.FILTER(_xlpm.ma,(_xlpm.ma<>"")*(ROW(_xlpm.ma)>=ROW())>0,""),_xlpm.arrb,IF(ROWS(_xlpm.arr)<=1,"",_xlfn.MAKEARRAY(ROWS(_xlpm.arr)/2,2,_xlfn.LAMBDA(_xlpm.r,_xlpm.c,INDEX(_xlpm.arr,_xlpm.r*2+_xlpm.c-2,1)))),IF(INDEX(_xlpm.arrb,1,1)="",_xlpm.p,_xlfn.VSTACK(_xlpm.p,_xlfn.HSTACK(IF(_xlfn.SEQUENCE(ROWS(_xlpm.arrb)),_xlpm.m),_xlpm.arrb)))))),1))} -> Z8 | AG3: 0x1001 | AH3: GetDeviceInfo | AJ3: 0x1001 | AK3: 0x1001 | AL3: 0x1001 | AM3: 0x1001 | AN3: 0x1001 | AO3: 0x1001 | AP3: 0x1001 | AQ3: 0x1001 | AR3: 0x1001 | AS3: 0x1001 | AT3: 0x1001 | AU3: 0x1001 | AV3: 0x1001 | AW3: 0x1001 | AX3: 0x1001 | AY3: 0x1001 | AZ3: 0x1001 | BA3: 0x1001 | BB3: 0x1001 | BC3: 0x1001 | BD3: 0x1001 | BE3: 0x1001 | BF3: 0x1001 | BG3: 0x1001 | BH3: 0x1001 | BI3: 0x1001
A4: 0x1002 | B4: OpenSession | D4: OpenSession | E4: OpenSession | F4: OpenSession | G4: OpenSession | H4: OpenSession | I4: OpenSession | J4: OpenSession | K4: OpenSession | L4: OpenSession | M4: OpenSession | N4: OpenSession | O4: OpenSession | P4: OpenSession | Q4: OpenSession | R4: OpenSession | S4: OpenSession | T4: OpenSession | U4: OpenSession | V4: OpenSession | W4: OpenSession | X4: OpenSession | Y4: OpenSession | Z4: OpenSession | AA4: OpenSession | AB4: OpenSession | AC4: OpenSession | AF4: Z8 | AG4: 0x1002 | AH4: OpenSession | AJ4: GetDeviceInfo | AK4: GetDeviceInfo | AL4: GetDeviceInfo | AM4: GetDeviceInfo | AN4: GetDeviceInfo | AO4: GetDeviceInfo | AP4: GetDeviceInfo | AQ4: GetDeviceInfo | AR4: GetDeviceInfo | AS4: GetDeviceInfo | AT4: GetDeviceInfo | AU4: GetDeviceInfo | AV4: GetDeviceInfo | AW4: GetDeviceInfo | AX4: GetDeviceInfo | AY4: GetDeviceInfo | AZ4: GetDeviceInfo | BA4: GetDeviceInfo | BB4: GetDeviceInfo | BC4: GetDeviceInfo | BD4: GetDeviceInfo | BE4: GetDeviceInfo | BF4: GetDeviceInfo | BG4: GetDeviceInfo | BH4: GetDeviceInfo | BI4: GetDeviceInfo
A5: 0x1003 | B5: CloseSession | D5: CloseSession | E5: CloseSession | F5: CloseSession | G5: CloseSession | H5: CloseSession | I5: CloseSession | J5: CloseSession | K5: CloseSession | L5: CloseSession | M5: CloseSession | N5: CloseSession | O5: CloseSession | P5: CloseSession | Q5: CloseSession | R5: CloseSession | S5: CloseSession | T5: CloseSession | U5: CloseSession | V5: CloseSession | W5: CloseSession | X5: CloseSession | Y5: CloseSession | Z5: CloseSession | AA5: CloseSession | AB5: CloseSession | AC5: CloseSession | AF5: Z8 | AG5: 0x1003 | AH5: CloseSession | AJ5: 0x1002 | AK5: 0x1002 | AL5: 0x1002 | AM5: 0x1002 | AN5: 0x1002 | AO5: 0x1002 | AP5: 0x1002 | AQ5: 0x1002 | AR5: 0x1002 | AS5: 0x1002 | AT5: 0x1002 | AU5: 0x1002 | AV5: 0x1002 | AW5: 0x1002 | AX5: 0x1002 | AY5: 0x1002 | AZ5: 0x1002 | BA5: 0x1002 | BB5: 0x1002 | BC5: 0x1002 | BD5: 0x1002 | BE5: 0x1002 | BF5: 0x1002 | BG5: 0x1002 | BH5: 0x1002 | BI5: 0x1002
A6: 0x1004 | B6: GetStorageIDs | D6: GetStorageIDs | E6: GetStorageIDs | F6: GetStorageIDs | G6: GetStorageIDs | H6: GetStorageIDs | I6: GetStorageIDs | J6: GetStorageIDs | K6: GetStorageIDs | L6: GetStorageIDs | M6: GetStorageIDs | N6: GetStorageIDs | O6: GetStorageIDs | P6: GetStorageIDs | Q6: GetStorageIDs | R6: GetStorageIDs | S6: GetStorageIDs | T6: GetStorageIDs | U6: GetStorageIDs | V6: GetStorageIDs | W6: GetStorageIDs | X6: GetStorageIDs | Y6: GetStorageIDs | Z6: GetStorageIDs | AA6: GetStorageIDs | AB6: GetStorageIDs | AC6: GetStorageIDs | AF6: Z8 | AG6: 0x1004 | AH6: GetStorageIDs | AJ6: OpenSession | AK6: OpenSession | AL6: OpenSession | AM6: OpenSession | AN6: OpenSession | AO6: OpenSession | AP6: OpenSession | AQ6: OpenSession | AR6: OpenSession | AS6: OpenSession | AT6: OpenSession | AU6: OpenSession | AV6: OpenSession | AW6: OpenSession | AX6: OpenSession | AY6: OpenSession | AZ6: OpenSession | BA6: OpenSession | BB6: OpenSession | BC6: OpenSession | BD6: OpenSession | BE6: OpenSession | BF6: OpenSession | BG6: OpenSession | BH6: OpenSession | BI6: OpenSession
A7: 0x1005 | B7: GetStorageInfo | D7: GetStorageInfo | E7: GetStorageInfo | F7: GetStorageInfo | G7: GetStorageInfo | H7: GetStorageInfo | I7: GetStorageInfo | J7: GetStorageInfo | K7: GetStorageInfo | L7: GetStorageInfo | M7: GetStorageInfo | N7: GetStorageInfo | O7: GetStorageInfo | P7: GetStorageInfo | Q7: GetStorageInfo | R7: GetStorageInfo | S7: GetStorageInfo | T7: GetStorageInfo | U7: GetStorageInfo | V7: GetStorageInfo | W7: GetStorageInfo | X7: GetStorageInfo | Y7: GetStorageInfo | Z7: GetStorageInfo | AA7: GetStorageInfo | AB7: GetStorageInfo | AC7: GetStorageInfo | AF7: Z8 | AG7: 0x1005 | AH7: GetStorageInfo | AJ7: 0x1003 | AK7: 0x1003 | AL7: 0x1003 | AM7: 0x1003 | AN7: 0x1003 | AO7: 0x1003 | AP7: 0x1003 | AQ7: 0x1003 | AR7: 0x1003 | AS7: 0x1003 | AT7: 0x1003 | AU7: 0x1003 | AV7: 0x1003 | AW7: 0x1003 | AX7: 0x1003 | AY7: 0x1003 | AZ7: 0x1003 | BA7: 0x1003 | BB7: 0x1003 | BC7: 0x1003 | BD7: 0x1003 | BE7: 0x1003 | BF7: 0x1003 | BG7: 0x1003 | BH7: 0x1003 | BI7: 0x1003
A8: 0x1006 | B8: GetNumObjects | D8: GetNumObjects | E8: GetNumObjects | F8: GetNumObjects | G8: GetNumObjects | H8: GetNumObjects | I8: GetNumObjects | J8: GetNumObjects | K8: GetNumObjects | L8: GetNumObjects | M8: GetNumObjects | N8: GetNumObjects | O8: GetNumObjects | P8: GetNumObjects | Q8: GetNumObjects | R8: GetNumObjects | S8: GetNumObjects | T8: GetNumObjects | U8: GetNumObjects | V8: GetNumObjects | W8: GetNumObjects | X8: GetNumObjects | Y8: GetNumObjects | Z8: GetNumObjects | AA8: GetNumObjects | AB8: GetNumObjects | AC8: GetNumObjects | AF8: Z8 | AG8: 0x1006 | AH8: GetNumObjects | AJ8: CloseSession | AK8: CloseSession | AL8: CloseSession | AM8: CloseSession | AN8: CloseSession | AO8: CloseSession | AP8: CloseSession | AQ8: CloseSession | AR8: CloseSession | AS8: CloseSession | AT8: CloseSession | AU8: CloseSession | AV8: CloseSession | AW8: CloseSession | AX8: CloseSession | AY8: CloseSession | AZ8: CloseSession | BA8: CloseSession | BB8: CloseSession | BC8: CloseSession | BD8: CloseSession | BE8: CloseSession | BF8: CloseSession | BG8: CloseSession | BH8: CloseSession | BI8: CloseSession
A9: 0x1007 | B9: GetObjectHandles | D9: GetObjectHandles | E9: GetObjectHandles | F9: GetObjectHandles | G9: GetObjectHandles | H9: GetObjectHandles | I9: GetObjectHandles | J9: GetObjectHandles | K9: GetObjectHandles | L9: GetObjectHandles | M9: GetObjectHandles | N9: GetObjectHandles | O9: GetObjectHandles | P9: GetObjectHandles | Q9: GetObjectHandles | R9: GetObjectHandles | S9: GetObjectHandles | T9: GetObjectHandles | U9: GetObjectHandles | V9: GetObjectHandles | W9: GetObjectHandles | X9: GetObjectHandles | Y9: GetObjectHandles | Z9: GetObjectHandles | AA9: GetObjectHandles | AB9: GetObjectHandles | AC9: GetObjectHandles | AF9: Z8 | AG9: 0x1007 | AH9: GetObjectHandles | AJ9: 0x1004 | AK9: 0x1004 | AL9: 0x1004 | AM9: 0x1004 | AN9: 0x1004 | AO9: 0x1004 | AP9: 0x1004 | AQ9: 0x1004 | AR9: 0x1004 | AS9: 0x1004 | AT9: 0x1004 | AU9: 0x1004 | AV9: 0x1004 | AW9: 0x1004 | AX9: 0x1004 | AY9: 0x1004 | AZ9: 0x1004 | BA9: 0x1004 | BB9: 0x1004 | BC9: 0x1004 | BD9: 0x1004 | BE9: 0x1004 | BF9: 0x1004 | BG9: 0x1004 | BH9: 0x1004 | BI9: 0x1004
A10: 0x1008 | B10: GetObjectInfo | D10: GetObjectInfo | E10: GetObjectInfo | F10: GetObjectInfo | G10: GetObjectInfo | H10: GetObjectInfo | I10: GetObjectInfo | J10: GetObjectInfo | K10: GetObjectInfo | L10: GetObjectInfo | M10: GetObjectInfo | N10: GetObjectInfo | O10: GetObjectInfo | P10: GetObjectInfo | Q10: GetObjectInfo | R10: GetObjectInfo | S10: GetObjectInfo | T10: GetObjectInfo | U10: GetObjectInfo | V10: GetObjectInfo | W10: GetObjectInfo | X10: GetObjectInfo | Y10: GetObjectInfo | Z10: GetObjectInfo | AA10: GetObjectInfo | AB10: GetObjectInfo | AC10: GetObjectInfo | AF10: Z8 | AG10: 0x1008 | AH10: GetObjectInfo | AJ10: GetStorageIDs | AK10: GetStorageIDs | AL10: GetStorageIDs | AM10: GetStorageIDs | AN10: GetStorageIDs | AO10: GetStorageIDs | AP10: GetStorageIDs | AQ10: GetStorageIDs | AR10: GetStorageIDs | AS10: GetStorageIDs | AT10: GetStorageIDs | AU10: GetStorageIDs | AV10: GetStorageIDs | AW10: GetStorageIDs | AX10: GetStorageIDs | AY10: GetStorageIDs | AZ10: GetStorageIDs | BA10: GetStorageIDs | BB10: GetStorageIDs | BC10: GetStorageIDs | BD10: GetStorageIDs | BE10: GetStorageIDs | BF10: GetStorageIDs | BG10: GetStorageIDs | BH10: GetStorageIDs | BI10: GetStorageIDs
A11: 0x1009 | B11: GetObject | D11: GetObject | E11: GetObject | F11: GetObject | G11: GetObject | H11: GetObject | I11: GetObject | J11: GetObject | K11: GetObject | L11: GetObject | M11: GetObject | N11: GetObject | O11: GetObject | P11: GetObject | Q11: GetObject | R11: GetObject | S11: GetObject | T11: GetObject | U11: GetObject | V11: GetObject | W11: GetObject | X11: GetObject | Y11: GetObject | Z11: GetObject | AA11: GetObject | AB11: GetObject | AC11: GetObject | AF11: Z8 | AG11: 0x1009 | AH11: GetObject | AJ11: 0x1005 | AK11: 0x1005 | AL11: 0x1005 | AM11: 0x1005 | AN11: 0x1005 | AO11: 0x1005 | AP11: 0x1005 | AQ11: 0x1005 | AR11: 0x1005 | AS11: 0x1005 | AT11: 0x1005 | AU11: 0x1005 | AV11: 0x1005 | AW11: 0x1005 | AX11: 0x1005 | AY11: 0x1005 | AZ11: 0x1005 | BA11: 0x1005 | BB11: 0x1005 | BC11: 0x1005 | BD11: 0x1005 | BE11: 0x1005 | BF11: 0x1005 | BG11: 0x1005 | BH11: 0x1005 | BI11: 0x1005
A12: 0x100A | B12: GetThumb | D12: GetThumb | E12: GetThumb | F12: GetThumb | G12: GetThumb | H12: GetThumb | I12: GetThumb | J12: GetThumb | K12: GetThumb | L12: GetThumb | M12: GetThumb | N12: GetThumb | O12: GetThumb | P12: GetThumb | Q12: GetThumb | R12: GetThumb | S12: GetThumb | T12: GetThumb | U12: GetThumb | V12: GetThumb | W12: GetThumb | X12: GetThumb | Y12: GetThumb | Z12: GetThumb | AA12: GetThumb | AB12: GetThumb | AC12: GetThumb | AF12: Z8 | AG12: 0x100A | AH12: GetThumb | AJ12: GetStorageInfo | AK12: GetStorageInfo | AL12: GetStorageInfo | AM12: GetStorageInfo | AN12: GetStorageInfo | AO12: GetStorageInfo | AP12: GetStorageInfo | AQ12: GetStorageInfo | AR12: GetStorageInfo | AS12: GetStorageInfo | AT12: GetStorageInfo | AU12: GetStorageInfo | AV12: GetStorageInfo | AW12: GetStorageInfo | AX12: GetStorageInfo | AY12: GetStorageInfo | AZ12: GetStorageInfo | BA12: GetStorageInfo | BB12: GetStorageInfo | BC12: GetStorageInfo | BD12: GetStorageInfo | BE12: GetStorageInfo | BF12: GetStorageInfo | BG12: GetStorageInfo | BH12: GetStorageInfo | BI12: GetStorageInfo
A13: 0x100B | B13: DeleteObject | D13: DeleteObject | E13: DeleteObject | F13: DeleteObject | G13: DeleteObject | H13: DeleteObject | I13: DeleteObject | J13: DeleteObject | K13: DeleteObject | L13: DeleteObject | M13: DeleteObject | N13: DeleteObject | O13: DeleteObject | P13: DeleteObject | Q13: DeleteObject | R13: DeleteObject | S13: DeleteObject | T13: DeleteObject | U13: DeleteObject | V13: DeleteObject | W13: DeleteObject | X13: DeleteObject | Y13: DeleteObject | Z13: DeleteObject | AA13: DeleteObject | AB13: DeleteObject | AC13: DeleteObject | AF13: Z8 | AG13: 0x100B | AH13: DeleteObject | AJ13: 0x1006 | AK13: 0x1006 | AL13: 0x1006 | AM13: 0x1006 | AN13: 0x1006 | AO13: 0x1006 | AP13: 0x1006 | AQ13: 0x1006 | AR13: 0x1006 | AS13: 0x1006 | AT13: 0x1006 | AU13: 0x1006 | AV13: 0x1006 | AW13: 0x1006 | AX13: 0x1006 | AY13: 0x1006 | AZ13: 0x1006 | BA13: 0x1006 | BB13: 0x1006 | BC13: 0x1006 | BD13: 0x1006 | BE13: 0x1006 | BF13: 0x1006 | BG13: 0x1006 | BH13: 0x1006 | BI13: 0x1006
A14: 0x100C | B14: SendObjectInfo | D14: SendObjectInfo | E14: SendObjectInfo | F14: SendObjectInfo | G14: SendObjectInfo | H14: SendObjectInfo | I14: SendObjectInfo | J14: SendObjectInfo | K14: SendObjectInfo | L14: SendObjectInfo | M14: SendObjectInfo | N14: SendObjectInfo | O14: SendObjectInfo | P14: SendObjectInfo | Q14: SendObjectInfo | R14: SendObjectInfo | S14: SendObjectInfo | T14: SendObjectInfo | U14: SendObjectInfo | V14: SendObjectInfo | W14: SendObjectInfo | X14: SendObjectInfo | Y14: SendObjectInfo | Z14: SendObjectInfo | AA14: SendObjectInfo | AB14: SendObjectInfo | AC14: SendObjectInfo | AF14: Z8 | AG14: 0x100C | AH14: SendObjectInfo | AJ14: GetNumObjects | AK14: GetNumObjects | AL14: GetNumObjects | AM14: GetNumObjects | AN14: GetNumObjects | AO14: GetNumObjects | AP14: GetNumObjects | AQ14: GetNumObjects | AR14: GetNumObjects | AS14: GetNumObjects | AT14: GetNumObjects | AU14: GetNumObjects | AV14: GetNumObjects | AW14: GetNumObjects | AX14: GetNumObjects | AY14: GetNumObjects | AZ14: GetNumObjects | BA14: GetNumObjects | BB14: GetNumObjects | BC14: GetNumObjects | BD14: GetNumObjects | BE14: GetNumObjects | BF14: GetNumObjects | BG14: GetNumObjects | BH14: GetNumObjects | BI14: GetNumObjects
A15: 0x100D | B15: SendObject | D15: SendObject | E15: SendObject | F15: SendObject | G15: SendObject | H15: SendObject | I15: SendObject | J15: SendObject | K15: SendObject | L15: SendObject | M15: SendObject | N15: SendObject | O15: SendObject | P15: SendObject | Q15: SendObject | R15: SendObject | S15: SendObject | T15: SendObject | U15: SendObject | V15: SendObject | W15: SendObject | X15: SendObject | Y15: SendObject | Z15: SendObject | AA15: SendObject | AB15: SendObject | AC15: SendObject | AF15: Z8 | AG15: 0x100D | AH15: SendObject | AJ15: 0x1007 | AK15: 0x1007 | AL15: 0x1007 | AM15: 0x1007 | AN15: 0x1007 | AO15: 0x1007 | AP15: 0x1007 | AQ15: 0x1007 | AR15: 0x1007 | AS15: 0x1007 | AT15: 0x1007 | AU15: 0x1007 | AV15: 0x1007 | AW15: 0x1007 | AX15: 0x1007 | AY15: 0x1007 | AZ15: 0x1007 | BA15: 0x1007 | BB15: 0x1007 | BC15: 0x1007 | BD15: 0x1007 | BE15: 0x1007 | BF15: 0x1007 | BG15: 0x1007 | BH15: 0x1007 | BI15: 0x1007
... A17: 0x100F | B17: FormatStore | D17: FormatStore | E17: FormatStore | F17: FormatStore | G17: FormatStore | H17: FormatStore | I17: FormatStore | J17: FormatStore | K17: FormatStore | L17: FormatStore | M17: FormatStore | N17: FormatStore | O17: FormatStore | P17: FormatStore | Q17: FormatStore | R17: FormatStore | S17: FormatStore | T17: FormatStore | U17: FormatStore | V17: FormatStore | W17: FormatStore | X17: FormatStore | Y17: FormatStore | Z17: FormatStore | AA17: FormatStore | AB17: FormatStore | AC17: FormatStore | AF17: Z8 | AG17: 0x100F | AH17: FormatStore | AJ17: 0x1008 | AK17: 0x1008 | AL17: 0x1008 | AM17: 0x1008 | AN17: 0x1008 | AO17: 0x1008 | AP17: 0x1008 | AQ17: 0x1008 | AR17: 0x1008 | AS17: 0x1008 | AT17: 0x1008 | AU17: 0x1008 | AV17: 0x1008 | AW17: 0x1008 | AX17: 0x1008 | AY17: 0x1008 | AZ17: 0x1008 | BA17: 0x1008 | BB17: 0x1008 | BC17: 0x1008 | BD17: 0x1008 | BE17: 0x1008 | BF17: 0x1008 | BG17: 0x1008 | BH17: 0x1008 | BI17: 0x1008
A18: 0x1012 | B18: SetObjectProtection | E18: SetObjectProtection | AF18: Z8 | AG18: 0x1014 | AH18: GetDevicePropDesc | AJ18: GetObjectInfo | AK18: GetObjectInfo | AL18: GetObjectInfo | AM18: GetObjectInfo | AN18: GetObjectInfo | AO18: GetObjectInfo | AP18: GetObjectInfo | AQ18: GetObjectInfo | AR18: GetObjectInfo | AS18: GetObjectInfo | AT18: GetObjectInfo | AU18: GetObjectInfo | AV18: GetObjectInfo | AW18: GetObjectInfo | AX18: GetObjectInfo | AY18: GetObjectInfo | AZ18: GetObjectInfo | BA18: GetObjectInfo | BB18: GetObjectInfo | BC18: GetObjectInfo | BD18: GetObjectInfo | BE18: GetObjectInfo | BF18: GetObjectInfo | BG18: GetObjectInfo | BH18: GetObjectInfo | BI18: GetObjectInfo
A19: 0x1014 | B19: GetDevicePropDesc | D19: GetDevicePropDesc | E19: GetDevicePropDesc | F19: GetDevicePropDesc | G19: GetDevicePropDesc | H19: GetDevicePropDesc | I19: GetDevicePropDesc | J19: GetDevicePropDesc | K19: GetDevicePropDesc | L19: GetDevicePropDesc | M19: GetDevicePropDesc | N19: GetDevicePropDesc | O19: GetDevicePropDesc | P19: GetDevicePropDesc | Q19: GetDevicePropDesc | R19: GetDevicePropDesc | S19: GetDevicePropDesc | T19: GetDevicePropDesc | U19: GetDevicePropDesc | V19: GetDevicePropDesc | W19: GetDevicePropDesc | X19: GetDevicePropDesc | Y19: GetDevicePropDesc | Z19: GetDevicePropDesc | AA19: GetDevicePropDesc | AB19: GetDevicePropDesc | AC19: GetDevicePropDesc | AF19: Z8 | AG19: 0x1015 | AH19: GetDevicePropValue | AJ19: 0x1009 | AK19: 0x1009 | AL19: 0x1009 | AM19: 0x1009 | AN19: 0x1009 | AO19: 0x1009 | AP19: 0x1009 | AQ19: 0x1009 | AR19: 0x1009 | AS19: 0x1009 | AT19: 0x1009 | AU19: 0x1009 | AV19: 0x1009 | AW19: 0x1009 | AX19: 0x1009 | AY19: 0x1009 | AZ19: 0x1009 | BA19: 0x1009 | BB19: 0x1009 | BC19: 0x1009 | BD19: 0x1009 | BE19: 0x1009 | BF19: 0x1009 | BG19: 0x1009 | BH19: 0x1009 | BI19: 0x1009
A20: 0x1015 | B20: GetDevicePropValue | D20: GetDevicePropValue | E20: GetDevicePropValue | F20: GetDevicePropValue | G20: GetDevicePropValue | H20: GetDevicePropValue | I20: GetDevicePropValue | J20: GetDevicePropValue | K20: GetDevicePropValue | L20: GetDevicePropValue | M20: GetDevicePropValue | N20: GetDevicePropValue | O20: GetDevicePropValue | P20: GetDevicePropValue | Q20: GetDevicePropValue | R20: GetDevicePropValue | S20: GetDevicePropValue | T20: GetDevicePropValue | U20: GetDevicePropValue | V20: GetDevicePropValue | W20: GetDevicePropValue | X20: GetDevicePropValue | Y20: GetDevicePropValue | Z20: GetDevicePropValue | AA20: GetDevicePropValue | AB20: GetDevicePropValue | AC20: GetDevicePropValue | AF20: Z8 | AG20: 0x1016 | AH20: SetDevicePropValue | AJ20: GetObject | AK20: GetObject | AL20: GetObject | AM20: GetObject | AN20: GetObject | AO20: GetObject | AP20: GetObject | AQ20: GetObject | AR20: GetObject | AS20: GetObject | AT20: GetObject | AU20: GetObject | AV20: GetObject | AW20: GetObject | AX20: GetObject | AY20: GetObject | AZ20: GetObject | BA20: GetObject | BB20: GetObject | BC20: GetObject | BD20: GetObject | BE20: GetObject | BF20: GetObject | BG20: GetObject | BH20: GetObject | BI20: GetObject
A21: 0x1016 | B21: SetDevicePropValue | D21: SetDevicePropValue | E21: SetDevicePropValue | F21: SetDevicePropValue | G21: SetDevicePropValue | H21: SetDevicePropValue | I21: SetDevicePropValue | J21: SetDevicePropValue | K21: SetDevicePropValue | L21: SetDevicePropValue | M21: SetDevicePropValue | N21: SetDevicePropValue | O21: SetDevicePropValue | P21: SetDevicePropValue | Q21: SetDevicePropValue | R21: SetDevicePropValue | S21: SetDevicePropValue | T21: SetDevicePropValue | U21: SetDevicePropValue | V21: SetDevicePropValue | W21: SetDevicePropValue | X21: SetDevicePropValue | Y21: SetDevicePropValue | Z21: SetDevicePropValue | AA21: SetDevicePropValue | AB21: SetDevicePropValue | AC21: SetDevicePropValue | AF21: Z8 | AG21: 0x101B | AH21: GetPartialObject | AJ21: 0x100A | AK21: 0x100A | AL21: 0x100A | AM21: 0x100A | AN21: 0x100A | AO21: 0x100A | AP21: 0x100A | AQ21: 0x100A | AR21: 0x100A | AS21: 0x100A | AT21: 0x100A | AU21: 0x100A | AV21: 0x100A | AW21: 0x100A | AX21: 0x100A | AY21: 0x100A | AZ21: 0x100A | BA21: 0x100A | BB21: 0x100A | BC21: 0x100A | BD21: 0x100A | BE21: 0x100A | BF21: 0x100A | BG21: 0x100A | BH21: 0x100A | BI21: 0x100A
A22: 0x101B | B22: GetPartialObject | D22: GetPartialObject | E22: GetPartialObject | F22: GetPartialObject | G22: GetPartialObject | H22: GetPartialObject | I22: GetPartialObject | J22: GetPartialObject | K22: GetPartialObject | L22: GetPartialObject | M22: GetPartialObject | N22: GetPartialObject | O22: GetPartialObject | P22: GetPartialObject | Q22: GetPartialObject | R22: GetPartialObject | S22: GetPartialObject | T22: GetPartialObject | U22: GetPartialObject | V22: GetPartialObject | W22: GetPartialObject | X22: GetPartialObject | Y22: GetPartialObject | Z22: GetPartialObject | AA22: GetPartialObject | AB22: GetPartialObject | AC22: GetPartialObject | AF22: Z8 | AG22: 0x90C0 | AH22: InitiateCaptureRecInSdram | AJ22: GetThumb | AK22: GetThumb | AL22: GetThumb | AM22: GetThumb | AN22: GetThumb | AO22: GetThumb | AP22: GetThumb | AQ22: GetThumb | AR22: GetThumb | AS22: GetThumb | AT22: GetThumb | AU22: GetThumb | AV22: GetThumb | AW22: GetThumb | AX22: GetThumb | AY22: GetThumb | AZ22: GetThumb | BA22: GetThumb | BB22: GetThumb | BC22: GetThumb | BD22: GetThumb | BE22: GetThumb | BF22: GetThumb | BG22: GetThumb | BH22: GetThumb | BI22: GetThumb
A23: 0x90C0 | B23: InitiateCaptureRecInSdram | D23: InitiateCaptureRecInSdram | E23: InitiateCaptureRecInSdram | F23: InitiateCaptureRecInSdram | G23: InitiateCaptureRecInSdram | H23: InitiateCaptureRecInSdram | I23: InitiateCaptureRecInSdram | J23: InitiateCaptureRecInSdram | K23: InitiateCaptureRecInSdram | L23: InitiateCaptureRecInSdram | M23: InitiateCaptureRecInSdram | N23: InitiateCaptureRecInSdram | O23: InitiateCaptureRecInSdram | P23: InitiateCaptureRecInSdram | Q23: InitiateCaptureRecInSdram | R23: InitiateCaptureRecInSdram | S23: InitiateCaptureRecInSdram | T23: InitiateCaptureRecInSdram | U23: InitiateCaptureRecInSdram | V23: InitiateCaptureRecInSdram | W23: InitiateCaptureRecInSdram | X23: InitiateCaptureRecInSdram | Y23: InitiateCaptureRecInSdram | Z23: InitiateCaptureRecInSdram | AA23: InitiateCaptureRecInSdram | AB23: InitiateCaptureRecInSdram | AC23: InitiateCaptureRecInSdram | AF23: Z8 | AG23: 0x90C1 | AH23: AfDrive | AJ23: 0x100B | AK23: 0x100B | AL23: 0x100B | AM23: 0x100B | AN23: 0x100B | AO23: 0x100B | AP23: 0x100B | AQ23: 0x100B | AR23: 0x100B | AS23: 0x100B | AT23: 0x100B | AU23: 0x100B | AV23: 0x100B | AW23: 0x100B | AX23: 0x100B | AY23: 0x100B | AZ23: 0x100B | BA23: 0x100B | BB23: 0x100B | BC23: 0x100B | BD23: 0x100B | BE23: 0x100B | BF23: 0x100B | BG23: 0x100B | BH23: 0x100B | BI23: 0x100B
A24: 0x90C1 | B24: AfDrive | D24: AfDrive | E24: AfDrive | F24: AfDrive | G24: AfDrive | H24: AfDrive | I24: AfDrive | J24: AfDrive | K24: AfDrive | L24: AfDrive | M24: AfDrive | N24: AfDrive | O24: AfDrive | P24: AfDrive | Q24: AfDrive | R24: AfDrive | S24: AfDrive | T24: AfDrive | U24: AfDrive | V24: AfDrive | W24: AfDrive | X24: AfDrive | Y24: AfDrive | Z24: AfDrive | AA24: AfDrive | AB24: AfDrive | AC24: AfDrive | AF24: Z8 | AG24: 0x90C2 | AH24: ChangeCameraMode | AJ24: DeleteObject | AK24: DeleteObject | AL24: DeleteObject | AM24: DeleteObject | AN24: DeleteObject | AO24: DeleteObject | AP24: DeleteObject | AQ24: DeleteObject | AR24: DeleteObject | AS24: DeleteObject | AT24: DeleteObject | AU24: DeleteObject | AV24: DeleteObject | AW24: DeleteObject | AX24: DeleteObject | AY24: DeleteObject | AZ24: DeleteObject | BA24: DeleteObject | BB24: DeleteObject | BC24: DeleteObject | BD24: DeleteObject | BE24: DeleteObject | BF24: DeleteObject | BG24: DeleteObject | BH24: DeleteObject | BI24: DeleteObject
A25: 0x90C2 | B25: ChangeCameraMode | D25: ChangeCameraMode | E25: ChangeCameraMode | F25: ChangeCameraMode | G25: ChangeCameraMode | H25: ChangeCameraMode | I25: ChangeCameraMode | J25: ChangeCameraMode | K25: ChangeCameraMode | L25: ChangeCameraMode | M25: ChangeCameraMode | N25: ChangeCameraMode | O25: ChangeCameraMode | P25: ChangeCameraMode | Q25: ChangeCameraMode | R25: ChangeCameraMode | S25: ChangeCameraMode | T25: ChangeCameraMode | U25: ChangeCameraMode | V25: ChangeCameraMode | W25: ChangeCameraMode | X25: ChangeCameraMode | Y25: ChangeCameraMode | Z25: ChangeCameraMode | AA25: ChangeCameraMode | AB25: ChangeCameraMode | AC25: ChangeCameraMode | AF25: Z8 | AG25: 0x90C3 | AH25: DeleteImagesInSdram | AJ25: 0x100C | AK25: 0x100C | AL25: 0x100C | AM25: 0x100C | AN25: 0x100C | AO25: 0x100C | AP25: 0x100C | AQ25: 0x100C | AR25: 0x100C | AS25: 0x100C | AT25: 0x100C | AU25: 0x100C | AV25: 0x100C | AW25: 0x100C | AX25: 0x100C | AY25: 0x100C | AZ25: 0x100C | BA25: 0x100C | BB25: 0x100C | BC25: 0x100C | BD25: 0x100C | BE25: 0x100C | BF25: 0x100C | BG25: 0x100C | BH25: 0x100C | BI25: 0x100C
A26: 0x90C3 | B26: DeleteImagesInSdram | D26: DeleteImagesInSdram | E26: DeleteImagesInSdram | F26: DeleteImagesInSdram | G26: DeleteImagesInSdram | H26: DeleteImagesInSdram | I26: DeleteImagesInSdram | J26: DeleteImagesInSdram | K26: DeleteImagesInSdram | L26: DeleteImagesInSdram | M26: DeleteImagesInSdram | N26: DeleteImagesInSdram | O26: DeleteImagesInSdram | P26: DeleteImagesInSdram | Q26: DeleteImagesInSdram | R26: DeleteImagesInSdram | S26: DeleteImagesInSdram | T26: DeleteImagesInSdram | U26: DeleteImagesInSdram | V26: DeleteImagesInSdram | W26: DeleteImagesInSdram | X26: DeleteImagesInSdram | Y26: DeleteImagesInSdram | Z26: DeleteImagesInSdram | AA26: DeleteImagesInSdram | AB26: DeleteImagesInSdram | AC26: DeleteImagesInSdram | AF26: Z8 | AG26: 0x90C4 | AH26: GetLargeThumb | AJ26: SendObjectInfo | AK26: SendObjectInfo | AL26: SendObjectInfo | AM26: SendObjectInfo | AN26: SendObjectInfo | AO26: SendObjectInfo | AP26: SendObjectInfo | AQ26: SendObjectInfo | AR26: SendObjectInfo | AS26: SendObjectInfo | AT26: SendObjectInfo | AU26: SendObjectInfo | AV26: SendObjectInfo | AW26: SendObjectInfo | AX26: SendObjectInfo | AY26: SendObjectInfo | AZ26: SendObjectInfo | BA26: SendObjectInfo | BB26: SendObjectInfo | BC26: SendObjectInfo | BD26: SendObjectInfo | BE26: SendObjectInfo | BF26: SendObjectInfo | BG26: SendObjectInfo | BH26: SendObjectInfo | BI26: SendObjectInfo
A27: 0x90C4 | B27: GetLargeThumb | D27: GetLargeThumb | E27: GetLargeThumb | F27: GetLargeThumb | G27: GetLargeThumb | H27: GetLargeThumb | I27: GetLargeThumb | J27: GetLargeThumb | K27: GetLargeThumb | L27: GetLargeThumb | M27: GetLargeThumb | N27: GetLargeThumb | O27: GetLargeThumb | P27: GetLargeThumb | Q27: GetLargeThumb | R27: GetLargeThumb | S27: GetLargeThumb | T27: GetLargeThumb | U27: GetLargeThumb | V27: GetLargeThumb | W27: GetLargeThumb | X27: GetLargeThumb | Y27: GetLargeThumb | Z27: GetLargeThumb | AA27: GetLargeThumb | AB27: GetLargeThumb | AC27: GetLargeThumb | AF27: Z8 | AG27: 0x90C7 | AH27: GetEvent | AJ27: 0x100D | AK27: 0x100D | AL27: 0x100D | AM27: 0x100D | AN27: 0x100D | AO27: 0x100D | AP27: 0x100D | AQ27: 0x100D | AR27: 0x100D | AS27: 0x100D | AT27: 0x100D | AU27: 0x100D | AV27: 0x100D | AW27: 0x100D | AX27: 0x100D | AY27: 0x100D | AZ27: 0x100D | BA27: 0x100D | BB27: 0x100D | BC27: 0x100D | BD27: 0x100D | BE27: 0x100D | BF27: 0x100D | BG27: 0x100D | BH27: 0x100D | BI27: 0x100D
A28: 0x90C7 | B28: GetEvent | D28: GetEvent | E28: GetEvent | F28: GetEvent | G28: GetEvent | H28: GetEvent | I28: GetEvent | J28: GetEvent | K28: GetEvent | L28: GetEvent | M28: GetEvent | N28: GetEvent | O28: GetEvent | P28: GetEvent | Q28: GetEvent | R28: GetEvent | S28: GetEvent | T28: GetEvent | U28: GetEvent | V28: GetEvent | W28: GetEvent | X28: GetEvent | Y28: GetEvent | Z28: GetEvent | AA28: GetEvent | AB28: GetEvent | AC28: GetEvent | AF28: Z8 | AG28: 0x90C8 | AH28: DeviceReady | AJ28: SendObject | AK28: SendObject | AL28: SendObject | AM28: SendObject | AN28: SendObject | AO28: SendObject | AP28: SendObject | AQ28: SendObject | AR28: SendObject | AS28: SendObject | AT28: SendObject | AU28: SendObject | AV28: SendObject | AW28: SendObject | AX28: SendObject | AY28: SendObject | AZ28: SendObject | BA28: SendObject | BB28: SendObject | BC28: SendObject | BD28: SendObject | BE28: SendObject | BF28: SendObject | BG28: SendObject | BH28: SendObject | BI28: SendObject
A29: 0x90C8 | B29: DeviceReady | D29: DeviceReady | E29: DeviceReady | F29: DeviceReady | G29: DeviceReady | H29: DeviceReady | I29: DeviceReady | J29: DeviceReady | K29: DeviceReady | L29: DeviceReady | M29: DeviceReady | N29: DeviceReady | O29: DeviceReady | P29: DeviceReady | Q29: DeviceReady | R29: DeviceReady | S29: DeviceReady | T29: DeviceReady | U29: DeviceReady | V29: DeviceReady | W29: DeviceReady | X29: DeviceReady | Y29: DeviceReady | Z29: DeviceReady | AA29: DeviceReady | AB29: DeviceReady | AC29: DeviceReady | AF29: Z8 | AG29: 0x90C9 | AH29: SetPreWbData | AJ29: 0x100E | AK29: 0x100E | AL29: 0x100E | AM29: 0x100E | AN29: 0x100E | AO29: 0x100E | AP29: 0x100E | AQ29: 0x100E | AR29: 0x100E | AS29: 0x100E | AT29: 0x100E | AU29: 0x100E | AV29: 0x100E | AW29: 0x100E | AX29: 0x100E | AY29: 0x100E | AZ29: 0x100E | BA29: 0x100E | BB29: 0x100E | BC29: 0x100E | BD29: 0x100E | BE29: 0x100E | BF29: 0x100E | BG29: 0x100E | BH29: 0x100E | BI29: 0x100E
A30: 0x90C9 | B30: SetPreWbData | D30: SetPreWbData | E30: SetPreWbData | F30: SetPreWbData | G30: SetPreWbData | H30: SetPreWbData | I30: SetPreWbData | J30: SetPreWbData | K30: SetPreWbData | L30: SetPreWbData | M30: SetPreWbData | N30: SetPreWbData | O30: SetPreWbData | P30: SetPreWbData | Q30: SetPreWbData | R30: SetPreWbData | S30: SetPreWbData | T30: SetPreWbData | U30: SetPreWbData | V30: SetPreWbData | W30: SetPreWbData | X30: SetPreWbData | Y30: SetPreWbData | Z30: SetPreWbData | AA30: SetPreWbData | AB30: SetPreWbData | AC30: SetPreWbData | AF30: Z8 | AG30: 0x90CB | AH30: AfAndCaptureRecInSdram | AJ30: InitiateCapture | AK30: InitiateCapture | AL30: InitiateCapture | AM30: InitiateCapture | AN30: InitiateCapture | AO30: InitiateCapture | AP30: InitiateCapture | AQ30: InitiateCapture | AR30: InitiateCapture | AS30: InitiateCapture | AT30: InitiateCapture | AU30: InitiateCapture | AV30: InitiateCapture | AW30: InitiateCapture | AX30: InitiateCapture | AY30: InitiateCapture | AZ30: InitiateCapture | BA30: InitiateCapture | BB30: InitiateCapture | BC30: InitiateCapture | BD30: InitiateCapture | BE30: InitiateCapture | BF30: InitiateCapture | BG30: InitiateCapture | BH30: InitiateCapture | BI30: InitiateCapture
A31: 0x90CA | B31: GetVendorPropCodes | F31: GetVendorPropCodes | G31: GetVendorPropCodes | H31: GetVendorPropCodes | I31: GetVendorPropCodes | J31: GetVendorPropCodes | K31: GetVendorPropCodes | L31: GetVendorPropCodes | M31: GetVendorPropCodes | N31: GetVendorPropCodes | O31: GetVendorPropCodes | P31: GetVendorPropCodes | Q31: GetVendorPropCodes | R31: GetVendorPropCodes | S31: GetVendorPropCodes | T31: GetVendorPropCodes | U31: GetVendorPropCodes | V31: GetVendorPropCodes | W31: GetVendorPropCodes | X31: GetVendorPropCodes | Y31: GetVendorPropCodes | Z31: GetVendorPropCodes | AA31: GetVendorPropCodes | AB31: GetVendorPropCodes | AC31: GetVendorPropCodes | AF31: Z8 | AG31: 0x90CC | AH31: GetPicCtrlData | AJ31: 0x100F | AK31: 0x100F | AL31: 0x100F | AM31: 0x100F | AN31: 0x100F | AO31: 0x100F | AP31: 0x100F | AQ31: 0x100F | AR31: 0x100F | AS31: 0x100F | AT31: 0x100F | AU31: 0x100F | AV31: 0x100F | AW31: 0x100F | AX31: 0x100F | AY31: 0x100F | AZ31: 0x100F | BA31: 0x100F | BB31: 0x100F | BC31: 0x100F | BD31: 0x100F | BE31: 0x100F | BF31: 0x100F | BG31: 0x100F | BH31: 0x100F | BI31: 0x100F
A32: 0x90CB | B32: AfAndCaptureRecInSdram | D32: AfAndCaptureRecInSdram | E32: AfAndCaptureRecInSdram | F32: AfAndCaptureRecInSdram | G32: AfAndCaptureRecInSdram | H32: AfAndCaptureRecInSdram | I32: AfAndCaptureRecInSdram | J32: AfAndCaptureRecInSdram | K32: AfAndCaptureRecInSdram | L32: AfAndCaptureRecInSdram | M32: AfAndCaptureRecInSdram | N32: AfAndCaptureRecInSdram | O32: AfAndCaptureRecInSdram | P32: AfAndCaptureRecInSdram | Q32: AfAndCaptureRecInSdram | R32: AfAndCaptureRecInSdram | S32: AfAndCaptureRecInSdram | T32: AfAndCaptureRecInSdram | U32: AfAndCaptureRecInSdram | V32: AfAndCaptureRecInSdram | W32: AfAndCaptureRecInSdram | X32: AfAndCaptureRecInSdram | Y32: AfAndCaptureRecInSdram | Z32: AfAndCaptureRecInSdram | AA32: AfAndCaptureRecInSdram | AB32: AfAndCaptureRecInSdram | AC32: AfAndCaptureRecInSdram | AF32: Z8 | AG32: 0x90CD | AH32: SetPicCtrlData | AJ32: FormatStore | AK32: FormatStore | AL32: FormatStore | AM32: FormatStore | AN32: FormatStore | AO32: FormatStore | AP32: FormatStore | AQ32: FormatStore | AR32: FormatStore | AS32: FormatStore | AT32: FormatStore | AU32: FormatStore | AV32: FormatStore | AW32: FormatStore | AX32: FormatStore | AY32: FormatStore | AZ32: FormatStore | BA32: FormatStore | BB32: FormatStore | BC32: FormatStore | BD32: FormatStore | BE32: FormatStore | BF32: FormatStore | BG32: FormatStore | BH32: FormatStore | BI32: FormatStore
A33: 0x90CC | B33: GetPicCtrlData | D33: GetPicCtrlData | E33: GetPicCtrlData | F33: GetPicCtrlData | G33: GetPicCtrlData | H33: GetPicCtrlData | I33: GetPicCtrlData | J33: GetPicCtrlData | K33: GetPicCtrlData | L33: GetPicCtrlData | M33: GetPicCtrlData | N33: GetPicCtrlData | O33: GetPicCtrlData | P33: GetPicCtrlData | Q33: GetPicCtrlData | R33: GetPicCtrlData | S33: GetPicCtrlData | T33: GetPicCtrlData | U33: GetPicCtrlData | V33: GetPicCtrlData | W33: GetPicCtrlData | X33: GetPicCtrlData | Y33: GetPicCtrlData | Z33: GetPicCtrlData | AA33: GetPicCtrlData | AB33: GetPicCtrlData | AC33: GetPicCtrlData | AF33: Z8 | AG33: 0x90CE | AH33: DeleteCustomPicCtrl | AJ33: 0x1014 | AK33: 0x1012 | AL33: 0x1014 | AM33: 0x1014 | AN33: 0x1014 | AO33: 0x1014 | AP33: 0x1014 | AQ33: 0x1014 | AR33: 0x1014 | AS33: 0x1014 | AT33: 0x1014 | AU33: 0x1014 | AV33: 0x1014 | AW33: 0x1014 | AX33: 0x1014 | AY33: 0x1014 | AZ33: 0x1014 | BA33: 0x1014 | BB33: 0x1014 | BC33: 0x1014 | BD33: 0x1014 | BE33: 0x1014 | BF33: 0x1014 | BG33: 0x1014 | BH33: 0x1014 | BI33: 0x1014
A34: 0x90CD | B34: SetPicCtrlData | D34: SetPicCtrlData | E34: SetPicCtrlData | F34: SetPicCtrlData | G34: SetPicCtrlData | H34: SetPicCtrlData | I34: SetPicCtrlData | J34: SetPicCtrlData | K34: SetPicCtrlData | L34: SetPicCtrlData | M34: SetPicCtrlData | N34: SetPicCtrlData | O34: SetPicCtrlData | P34: SetPicCtrlData | Q34: SetPicCtrlData | R34: SetPicCtrlData | S34: SetPicCtrlData | T34: SetPicCtrlData | U34: SetPicCtrlData | V34: SetPicCtrlData | W34: SetPicCtrlData | X34: SetPicCtrlData | Y34: SetPicCtrlData | Z34: SetPicCtrlData | AA34: SetPicCtrlData | AB34: SetPicCtrlData | AC34: SetPicCtrlData | AF34: Z8 | AG34: 0x90CF | AH34: GetPicCtrlCapability | AJ34: GetDevicePropDesc | AK34: SetObjectProtection | AL34: GetDevicePropDesc | AM34: GetDevicePropDesc | AN34: GetDevicePropDesc | AO34: GetDevicePropDesc | AP34: GetDevicePropDesc | AQ34: GetDevicePropDesc | AR34: GetDevicePropDesc | AS34: GetDevicePropDesc | AT34: GetDevicePropDesc | AU34: GetDevicePropDesc | AV34: GetDevicePropDesc | AW34: GetDevicePropDesc | AX34: GetDevicePropDesc | AY34: GetDevicePropDesc | AZ34: GetDevicePropDesc | BA34: GetDevicePropDesc | BB34: GetDevicePropDesc | BC34: GetDevicePropDesc | BD34: GetDevicePropDesc | BE34: GetDevicePropDesc | BF34: GetDevicePropDesc | BG34: GetDevicePropDesc | BH34: GetDevicePropDesc | BI34: GetDevicePropDesc
A35: 0x90CE | B35: DeleteCustomPicCtrl | D35: DeleteCustomPicCtrl | E35: DeleteCustomPicCtrl | F35: DeleteCustomPicCtrl | G35: DeleteCustomPicCtrl | H35: DeleteCustomPicCtrl | I35: DeleteCustomPicCtrl | J35: DeleteCustomPicCtrl | K35: DeleteCustomPicCtrl | L35: DeleteCustomPicCtrl | M35: DeleteCustomPicCtrl | N35: DeleteCustomPicCtrl | O35: DeleteCustomPicCtrl | P35: DeleteCustomPicCtrl | Q35: DeleteCustomPicCtrl | R35: DeleteCustomPicCtrl | S35: DeleteCustomPicCtrl | T35: DeleteCustomPicCtrl | U35: DeleteCustomPicCtrl | V35: DeleteCustomPicCtrl | W35: DeleteCustomPicCtrl | X35: DeleteCustomPicCtrl | Y35: DeleteCustomPicCtrl | Z35: DeleteCustomPicCtrl | AA35: DeleteCustomPicCtrl | AB35: DeleteCustomPicCtrl | AC35: DeleteCustomPicCtrl | AF35: Z8 | AG35: 0x9201 | AH35: StartLiveView | AJ35: 0x1015 | AK35: 0x1014 | AL35: 0x1015 | AM35: 0x1015 | AN35: 0x1015 | AO35: 0x1015 | AP35: 0x1015 | AQ35: 0x1015 | AR35: 0x1015 | AS35: 0x1015 | AT35: 0x1015 | AU35: 0x1015 | AV35: 0x1015 | AW35: 0x1015 | AX35: 0x1015 | AY35: 0x1015 | AZ35: 0x1015 | BA35: 0x1015 | BB35: 0x1015 | BC35: 0x1015 | BD35: 0x1015 | BE35: 0x1015 | BF35: 0x1015 | BG35: 0x1015 | BH35: 0x1015 | BI35: 0x1015
A36: 0x90CF | B36: GetPicCtrlCapability | D36: GetPicCtrlCapability | E36: GetPicCtrlCapability | F36: GetPicCtrlCapability | G36: GetPicCtrlCapability | H36: GetPicCtrlCapability | I36: GetPicCtrlCapability | J36: GetPicCtrlCapability | K36: GetPicCtrlCapability | L36: GetPicCtrlCapability | M36: GetPicCtrlCapability | N36: GetPicCtrlCapability | O36: GetPicCtrlCapability | P36: GetPicCtrlCapability | Q36: GetPicCtrlCapability | R36: GetPicCtrlCapability | S36: GetPicCtrlCapability | T36: GetPicCtrlCapability | U36: GetPicCtrlCapability | V36: GetPicCtrlCapability | W36: GetPicCtrlCapability | X36: GetPicCtrlCapability | Y36: GetPicCtrlCapability | Z36: GetPicCtrlCapability | AA36: GetPicCtrlCapability | AB36: GetPicCtrlCapability | AC36: GetPicCtrlCapability | AF36: Z8 | AG36: 0x9202 | AH36: EndLiveView | AJ36: GetDevicePropValue | AK36: GetDevicePropDesc | AL36: GetDevicePropValue | AM36: GetDevicePropValue | AN36: GetDevicePropValue | AO36: GetDevicePropValue | AP36: GetDevicePropValue | AQ36: GetDevicePropValue | AR36: GetDevicePropValue | AS36: GetDevicePropValue | AT36: GetDevicePropValue | AU36: GetDevicePropValue | AV36: GetDevicePropValue | AW36: GetDevicePropValue | AX36: GetDevicePropValue | AY36: GetDevicePropValue | AZ36: GetDevicePropValue | BA36: GetDevicePropValue | BB36: GetDevicePropValue | BC36: GetDevicePropValue | BD36: GetDevicePropValue | BE36: GetDevicePropValue | BF36: GetDevicePropValue | BG36: GetDevicePropValue | BH36: GetDevicePropValue | BI36: GetDevicePropValue
A37: 0x9200 | B37: GetPreviewImage | P37: GetPreviewImage | Q37: GetPreviewImage | X37: GetPreviewImage | AB37: GetPreviewImage | AC37: GetPreviewImage | AF37: Z8 | AG37: 0x9203 | AH37: GetLiveViewImage | AJ37: 0x1016 | AK37: 0x1015 | AL37: 0x1016 | AM37: 0x1016 | AN37: 0x1016 | AO37: 0x1016 | AP37: 0x1016 | AQ37: 0x1016 | AR37: 0x1016 | AS37: 0x1016 | AT37: 0x1016 | AU37: 0x1016 | AV37: 0x1016 | AW37: 0x1016 | AX37: 0x1016 | AY37: 0x1016 | AZ37: 0x1016 | BA37: 0x1016 | BB37: 0x1016 | BC37: 0x1016 | BD37: 0x1016 | BE37: 0x1016 | BF37: 0x1016 | BG37: 0x1016 | BH37: 0x1016 | BI37: 0x1016
A38: 0x9201 | B38: StartLiveView | D38: StartLiveView | E38: StartLiveView | F38: StartLiveView | G38: StartLiveView | H38: StartLiveView | I38: StartLiveView | J38: StartLiveView | K38: StartLiveView | L38: StartLiveView | M38: StartLiveView | N38: StartLiveView | O38: StartLiveView | P38: StartLiveView | Q38: StartLiveView | R38: StartLiveView | S38: StartLiveView | T38: StartLiveView | U38: StartLiveView | V38: StartLiveView | W38: StartLiveView | X38: StartLiveView | Y38: StartLiveView | Z38: StartLiveView | AA38: StartLiveView | AB38: StartLiveView | AC38: StartLiveView | AF38: Z8 | AG38: 0x9204 | AH38: MfDrive | AJ38: SetDevicePropValue | AK38: GetDevicePropValue | AL38: SetDevicePropValue | AM38: SetDevicePropValue | AN38: SetDevicePropValue | AO38: SetDevicePropValue | AP38: SetDevicePropValue | AQ38: SetDevicePropValue | AR38: SetDevicePropValue | AS38: SetDevicePropValue | AT38: SetDevicePropValue | AU38: SetDevicePropValue | AV38: SetDevicePropValue | AW38: SetDevicePropValue | AX38: SetDevicePropValue | AY38: SetDevicePropValue | AZ38: SetDevicePropValue | BA38: SetDevicePropValue | BB38: SetDevicePropValue | BC38: SetDevicePropValue | BD38: SetDevicePropValue | BE38: SetDevicePropValue | BF38: SetDevicePropValue | BG38: SetDevicePropValue | BH38: SetDevicePropValue | BI38: SetDevicePropValue
A39: 0x9202 | B39: EndLiveView | D39: EndLiveView | E39: EndLiveView | F39: EndLiveView | G39: EndLiveView | H39: EndLiveView | I39: EndLiveView | J39: EndLiveView | K39: EndLiveView | L39: EndLiveView | M39: EndLiveView | N39: EndLiveView | O39: EndLiveView | P39: EndLiveView | Q39: EndLiveView | R39: EndLiveView | S39: EndLiveView | T39: EndLiveView | U39: EndLiveView | V39: EndLiveView | W39: EndLiveView | X39: EndLiveView | Y39: EndLiveView | Z39: EndLiveView | AA39: EndLiveView | AB39: EndLiveView | AC39: EndLiveView | AF39: Z8 | AG39: 0x9205 | AH39: ChangeAfArea | AJ39: 0x101B | AK39: 0x1016 | AL39: 0x101B | AM39: 0x101B | AN39: 0x101B | AO39: 0x101B | AP39: 0x101B | AQ39: 0x101B | AR39: 0x101B | AS39: 0x101B | AT39: 0x101B | AU39: 0x101B | AV39: 0x101B | AW39: 0x101B | AX39: 0x101B | AY39: 0x101B | AZ39: 0x101B | BA39: 0x101B | BB39: 0x101B | BC39: 0x101B | BD39: 0x101B | BE39: 0x101B | BF39: 0x101B | BG39: 0x101B | BH39: 0x101B | BI39: 0x101B
A40: 0x9203 | B40: GetLiveViewImage | D40: GetLiveViewImage | E40: GetLiveViewImage | F40: GetLiveViewImage | G40: GetLiveViewImage | H40: GetLiveViewImage | I40: GetLiveViewImage | J40: GetLiveViewImage | K40: GetLiveViewImage | L40: GetLiveViewImage | M40: GetLiveViewImage | N40: GetLiveViewImage | O40: GetLiveViewImage | P40: GetLiveViewImage | Q40: GetLiveViewImage | R40: GetLiveViewImage | S40: GetLiveViewImage | T40: GetLiveViewImage | U40: GetLiveViewImage | V40: GetLiveViewImage | W40: GetLiveViewImage | X40: GetLiveViewImage | Y40: GetLiveViewImage | Z40: GetLiveViewImage | AA40: GetLiveViewImage | AB40: GetLiveViewImage | AC40: GetLiveViewImage | AF40: Z8 | AG40: 0x9206 | AH40: AfDriveCancel | AJ40: GetPartialObject | AK40: SetDevicePropValue | AL40: GetPartialObject | AM40: GetPartialObject | AN40: GetPartialObject | AO40: GetPartialObject | AP40: GetPartialObject | AQ40: GetPartialObject | AR40: GetPartialObject | AS40: GetPartialObject | AT40: GetPartialObject | AU40: GetPartialObject | AV40: GetPartialObject | AW40: GetPartialObject | AX40: GetPartialObject | AY40: GetPartialObject | AZ40: GetPartialObject | BA40: GetPartialObject | BB40: GetPartialObject | BC40: GetPartialObject | BD40: GetPartialObject | BE40: GetPartialObject | BF40: GetPartialObject | BG40: GetPartialObject | BH40: GetPartialObject | BI40: GetPartialObject
A41: 0x9204 | B41: MfDrive | D41: MfDrive | E41: MfDrive | F41: MfDrive | G41: MfDrive | H41: MfDrive | I41: MfDrive | J41: MfDrive | K41: MfDrive | L41: MfDrive | M41: MfDrive | N41: MfDrive | O41: MfDrive | P41: MfDrive | Q41: MfDrive | R41: MfDrive | S41: MfDrive | T41: MfDrive | U41: MfDrive | V41: MfDrive | W41: MfDrive | X41: MfDrive | Y41: MfDrive | Z41: MfDrive | AA41: MfDrive | AB41: MfDrive | AC41: MfDrive | AF41: Z8 | AG41: 0x9207 | AH41: InitiateCaptureRecInMedia | AJ41: 0x90C0 | AK41: 0x101B | AL41: 0x90C0 | AM41: 0x90C0 | AN41: 0x90C0 | AO41: 0x90C0 | AP41: 0x90C0 | AQ41: 0x90C0 | AR41: 0x90C0 | AS41: 0x90C0 | AT41: 0x90C0 | AU41: 0x90C0 | AV41: 0x90C0 | AW41: 0x90C0 | AX41: 0x90C0 | AY41: 0x90C0 | AZ41: 0x90C0 | BA41: 0x90C0 | BB41: 0x90C0 | BC41: 0x90C0 | BD41: 0x90C0 | BE41: 0x90C0 | BF41: 0x90C0 | BG41: 0x90C0 | BH41: 0x90C0 | BI41: 0x90C0
